1.91,10.0,-26.0,270.0,0.9981441,0.006937229,0.016186869,-0.0057810247,Infinity,14.299288,10.297619,10.337973,Infinity,0
0.07800007,8.0,-27.0,268.0,0.99817073,0.004122669,0.015210884,-0.0060344213,Infinity,14.299288,10.297619,10.337973,Infinity,0
0.074,10.0,-28.0,268.0,0.9981977,0.0016738485,0.013921247,-0.005874778,Infinity,14.299288,10.297619,10.31746,Infinity,0
0.07800007,11.0,-28.0,264.0,0.9982112,1.2794089E-4,0.012811632,-0.0063211466,Infinity,14.299288,10.31746,10.31809,Infinity,0
0.07499981,11.0,-24.0,269.0,0.99822116,-3.5628246E-4,0.012777638,-0.004568182,Infinity,14.299288,10.297619,10.337973,Infinity,0
0.075999975,10.0,-31.0,268.0,0.99824095,-0.0034967393,0.010507989,-0.0046793935,Infinity,14.299288,10.297619,10.31809,Infinity,0
0.07600021,8.0,-25.0,265.0,0.9982454,-0.0066034654,0.008351957,-0.0047309487,Infinity,14.299288,10.31746,10.337973,Infinity,0
0.075999975,10.0,-28.0,264.0,0.9982459,-0.0076155686,0.00790787,-0.0037561676,Infinity,14.299288,10.337973,10.297619,Infinity,0
0.075999975,9.0,-29.0,269.0,0.9982395,-0.009366841,0.0070098825,-0.0032787253,Infinity,14.265403,10.297619,10.337973,Infinity,0
0.07500005,9.0,-29.0,267.0,0.9982242,-0.011582801,0.0056942236,-0.003389673,Infinity,14.299288,10.297619,10.31809,Infinity,0
0.075999975,11.0,-27.0,267.0,0.9982135,-0.012995693,0.0046914057,-0.0029108007,Infinity,14.299288,10.337973,10.337973,Infinity,0
0.075999975,10.0,-26.0,268.0,0.9981914,-0.0149941705,0.0030891402,-0.0030153776,Infinity,14.299288,10.297619,10.337973,Infinity,0
0.075999975,11.0,-28.0,267.0,0.9981706,-0.016437879,0.0023347423,-0.003088949,Infinity,14.299288,10.297619,10.297619,Infinity,0
0.07500005,13.0,-27.0,267.0,0.99814606,-0.017983595,0.002296206,-0.002346137,Infinity,14.299288,10.297619,10.297619,Infinity,1
0.075999975,10.0,-28.0,267.0,0.9981147,-0.019763442,0.0016739691,-0.0017765221,Infinity,14.299288,10.31809,10.31746,Infinity,0
0.075999975,8.0,-26.0,271.0,0.99804497,-0.023109064,-1.0356954E-4,-0.0013682744,Infinity,14.275534,10.31746,10.31746,Infinity,0
0.075999975,8.0,-32.0,269.0,0.998132,-0.018929478,0.0011192757,-0.0015235845,Infinity,14.241706,10.297619,10.31809,Infinity,0
0.075999975,9.0,-27.0,266.0,0.9981055,-0.020213574,-7.8588125E-4,-0.0023986525,Infinity,14.299288,10.31746,10.297619,Infinity,0
0.07500005,10.0,-30.0,265.0,0.9980761,-0.021593243,-0.0016158175,-0.0021831885,Infinity,14.299288,10.337973,10.31746,Infinity,0
0.075999975,12.0,-27.0,264.0,0.9980684,-0.021904953,-0.0019406488,-0.002356467,Infinity,14.265403,10.337973,10.297619,Infinity,0
0.075999975,10.0,-27.0,270.0,0.99804825,-0.022809586,-0.0021826322,-0.0020716249,Infinity,14.275534,10.31746,10.31809,Infinity,0
0.075999975,10.0,-28.0,269.0,0.9980335,-0.023284622,-0.0038496938,-0.0013337922,Infinity,14.265403,10.31809,10.31746,Infinity,0
0.07500005,17.0,-31.0,267.0,0.99799126,-0.02457322,-0.005860161,-0.0022168339,Infinity,14.241706,10.31809,10.297619,Infinity,0
0.075999975,10.0,-21.0,270.0,0.9979406,-0.025162697,-0.010111834,-0.0029274772,Infinity,14.208038,10.31746,10.297619,Infinity,0
0.075999975,13.0,-24.0,265.0,0.99793446,-0.02528664,-0.010415459,-0.002899934,Infinity,14.184398,10.31746,10.297619,Infinity,0
0.075999975,13.0,-27.0,268.0,0.99785584,-0.02726445,-0.012426812,-0.0039395727,Infinity,14.184398,10.31809,10.297619,Infinity,0
0.075999975,12.0,-25.0,273.0,0.9976396,-0.024996208,-0.026348157,-0.0050170883,Infinity,14.127358,10.31746,10.297619,Infinity,0
0.07700014,30.0,-31.0,285.0,0.9971399,-2.026836E-4,-0.047549278,-0.0087985415,Infinity,14.650602,10.378486,10.337973,Infinity,0
0.07599974,83.0,-28.0,262.0,0.9960403,0.025871772,-0.061398882,-0.009576649,Infinity,27.2,18.735954,10.501002,Infinity,0
0.07600021,24.0,43.0,271.0,0.9951274,0.059655655,-0.05278006,-0.001652378,Infinity,37.314816,24.133335,11.401673,Infinity,0
0.07600021,36.0,57.0,254.0,0.9960706,0.055093605,-0.03262997,0.019248556,Infinity,42.46154,26.276596,14.127358,Infinity,0
0.07499981,-23.0,45.0,254.0,0.99527794,0.061210122,0.016131103,0.04511203,Infinity,44.75936,27.335766,16.50259,Infinity,0
0.07600021,-47.0,31.0,267.0,0.99345595,0.06422451,0.03645546,0.06495234,Infinity,44.705883,24.527027,18.926554,Infinity,0
0.07599974,-10.0,33.0,259.0,0.9928324,0.060358077,0.046694744,0.07133972,Infinity,44.75936,24.019932,19.912281,Infinity,0
0.07600021,-6.0,38.0,257.0,0.99289924,0.053319257,0.04766479,0.07526961,Infinity,44.414894,23.651316,19.912281,Infinity,0
0.07599974,-33.0,38.0,274.0,0.99341565,0.047920246,0.041568916,0.07569994,Infinity,44.414894,23.322475,19.825073,Infinity,0
0.075000286,-21.0,33.0,262.0,0.9934525,0.04366453,0.044867646,0.07590797,Infinity,44.126984,23.13916,19.738373,Infinity,0
0.07599974,-21.0,21.0,266.0,0.99390393,0.0461277,0.03673225,0.072850615,Infinity,43.56021,23.074434,19.396551,Infinity,0
0.07600021,-29.0,30.0,270.0,0.99520594,0.040360168,0.02276323,0.06361312,Infinity,42.95337,22.89389,18.898304,Infinity,0
0.07599974,-12.0,27.0,250.0,0.99720234,0.02215356,-0.0307716,0.028606024,Infinity,41.928936,23.874172,16.434109,Infinity,0
0.075000286,22.0,7.0,254.0,0.9939481,0.005936063,-0.093412,0.0010120759,Infinity,37.627907,22.271292,13.302961,Infinity,0
0.07599974,47.0,3.0,252.0,0.99237734,-0.04872925,-0.096010044,-0.014631166,Infinity,28.897339,15.511222,12.047414,Infinity,0
0.07600021,80.0,-19.0,267.0,0.99149007,-0.08940952,-0.06875938,-0.029107163,Infinity,20.44643,12.0,11.446541,Infinity,0
0.07599974,34.0,-40.0,267.0,0.99080473,-0.09726311,-0.061225127,-0.04154741,Infinity,17.207447,11.356994,11.224066,Infinity,0
0.07600021,29.0,-47.0,265.0,0.9905535,-0.09653933,-0.0627896,-0.04659194,Infinity,16.205128,11.180124,11.06996,Infinity,0
0.07499981,35.0,-39.0,268.0,0.9911971,-0.0915339,-0.061464928,-0.044735625,Infinity,15.575,11.092783,10.920246,Infinity,0
0.07600021,43.0,-42.0,260.0,0.9919188,-0.0891478,-0.058100354,-0.037463743,Infinity,16.780106,11.026693,10.814665,Infinity,0
0.07599974,28.0,-45.0,269.0,0.9915026,-0.092326,-0.06110462,-0.035979066,Infinity,16.992085,11.00616,10.750507,Infinity,0
0.07600021,18.0,-46.0,270.0,0.9914303,-0.090454064,-0.06434449,-0.037059635,Infinity,15.359801,10.983606,10.750507,Infinity,0
0.07499981,34.0,-40.0,262.0,0.9916073,-0.08798256,-0.067996874,-0.03130465,Infinity,15.197044,10.942622,10.708503,Infinity,0
0.07800007,29.0,-51.0,282.0,0.99099416,-0.07420308,-0.091481365,-0.02613481,Infinity,15.110565,10.920246,10.686869,Infinity,0
0.07600021,49.0,-30.0,260.0,0.99115384,-0.052383058,-0.10534364,-0.020011485,Infinity,19.492958,10.940695,10.708503,Infinity,0
0.07599974,87.0,-30.0,221.0,0.993616,-0.013840306,-0.09557201,-0.0050973194,Infinity,17.253334,10.963115,10.83503,Infinity,0
0.07600021,51.0,-1.0,234.0,0.99448186,0.045057964,-0.07443973,0.009421539,Infinity,30.156862,17.847412,11.136364,Infinity,0
0.07499981,-3.0,35.0,277.0,0.99430317,0.059458364,-0.054546617,0.038417593,Infinity,37.36111,21.96875,12.93722,Infinity,0
0.07600021,40.0,32.0,254.0,0.99418473,0.06496917,-0.014086191,0.061646167,Infinity,39.90244,24.1,13.735499,Infinity,0
0.07599974,13.0,60.0,269.0,0.9920108,0.07439889,0.025237866,0.079788595,Infinity,41.56566,25.397923,12.407002,Infinity,0
0.07600021,-45.0,35.0,270.0,0.99085253,0.075855374,0.030121135,0.09043876,Infinity,41.928936,25.068493,13.069978,Infinity,0
0.07499981,-31.0,29.0,266.0,0.98958546,0.076425284,0.04079059,0.09922225,Infinity,41.199997,24.1,14.184398,Infinity,0
0.07600021,-11.0,22.0,258.0,0.9892672,0.072109155,0.050620947,0.10108231,Infinity,40.895523,23.651316,14.626507,Infinity,0
0.07599974,-11.0,30.0,258.0,0.9896622,0.06696493,0.05242223,0.09982975,Infinity,40.69307,23.431374,14.95122,Infinity,0
0.07600021,-17.0,34.0,262.0,0.98999935,0.063990854,0.051437087,0.09894555,Infinity,40.643562,23.322475,15.359801,Infinity,0
0.07599974,-31.0,25.0,268.0,0.9901397,0.065097496,0.049566947,0.09776737,Infinity,40.643562,23.214285,15.384616,Infinity,0
0.075000286,-31.0,32.0,266.0,0.9906102,0.063352846,0.047050238,0.09536086,Infinity,40.34483,23.106796,15.511222,Infinity,0
0.07599974,-31.0,27.0,274.0,0.99130976,0.0671637,0.037400704,0.08957864,Infinity,39.660194,22.926044,15.29703,Infinity,0
0.07600021,-39.0,34.0,263.0,0.9938382,0.05929303,-0.03566044,0.06511032,Infinity,39.182693,23.762377,13.703704,Infinity,0
0.07600021,41.0,20.0,248.0,0.99231875,0.050481144,-0.08757613,0.041337952,Infinity,36.5,21.314985,12.239131,Infinity,0
0.07499981,65.0,13.0,251.0,0.9915601,0.028764483,-0.107713744,0.03171252,Infinity,30.595238,16.87664,11.673728,Infinity,0
0.07599974,115.0,24.0,216.0,0.99332196,-0.06641367,-0.07574893,0.010356187,Infinity,22.102104,12.265796,11.3125,Infinity,0
0.07600021,28.0,-24.0,282.0,0.9940834,-0.07071769,-0.058312077,0.004943906,Infinity,16.710182,11.467505,11.092783,Infinity,0
0.07600021,32.0,-39.0,278.0,0.99379975,-0.070909716,-0.06275875,0.004979799,Infinity,15.898734,11.291667,10.963115,Infinity,0
0.07599974,39.0,-36.0,261.0,0.9937811,-0.071355924,-0.062188648,0.008336294,Infinity,15.575,11.157025,10.877551,Infinity,0
0.075000286,43.0,-36.0,255.0,0.99389744,-0.07340917,-0.057450686,0.010382984,Infinity,15.447761,11.092783,10.792684,Infinity,0
0.07599974,31.0,-42.0,270.0,0.9937912,-0.076366335,-0.055386763,0.010448951,Infinity,15.321781,11.06996,10.750507,Infinity,0
0.07600021,29.0,-35.0,272.0,0.9937448,-0.07739492,-0.054821946,0.010266032,Infinity,15.259258,11.049383,10.750507,Infinity,0
0.07599974,34.0,-37.0,264.0,0.99373627,-0.07744317,-0.05458604,0.011868075,Infinity,15.197044,11.00616,10.708503,Infinity,0
0.07700014,23.0,-40.0,270.0,0.9934803,-0.07612556,-0.060718495,0.012025891,Infinity,15.159704,11.00616,10.708503,Infinity,0
0.07599974,44.0,-27.0,267.0,0.994094,-0.05580537,-0.07071663,0.017033178,Infinity,15.321781,10.983606,10.708503,Infinity,0
0.07600021,10.0,-24.0,290.0,0.99283135,-0.04019727,-0.094589286,0.018711228,Infinity,15.833334,11.00616,10.792684,Infinity,0
0.07600021,61.0,-24.0,248.0,0.99500036,0.0026163282,-0.0776825,0.02358318,Infinity,23.540983,13.680555,10.985626,Infinity,0
0.07599974,60.0,72.0,240.0,0.9954881,0.017134905,-0.051667776,0.051622003,Infinity,33.90558,20.356083,11.491596,Infinity,0
0.07499981,2.0,14.0,284.0,0.99447554,0.041870877,-0.05020212,0.05807451,Infinity,37.581398,22.89389,13.790698,Infinity,0
0.07600021,18.0,20.0,273.0,0.9940115,0.05684317,-0.03376767,0.06478863,Infinity,38.94737,23.762377,17.135279,Infinity,0
0.07600021,18.0,31.0,256.0,0.9938785,0.060459632,-0.0053387997,0.07175445,Infinity,39.90244,24.32886,19.396551,Infinity,0
0.07600021,14.0,35.0,254.0,0.9934545,0.06211394,0.0084013585,0.075818144,Infinity,40.098038,24.677965,20.44643,Infinity,0
0.07499981,-12.0,46.0,277.0,0.99300635,0.06472056,0.010977412,0.079111695,Infinity,39.660194,24.560812,20.813253,Infinity,0
0.07600021,-21.0,42.0,274.0,0.9922791,0.074164346,0.008269576,0.08026762,Infinity,39.660194,24.214046,20.567165,Infinity,0
0.07599926,5.0,41.0,261.0,0.99217296,0.07533337,0.0014379965,0.08090198,Infinity,39.182693,23.986712,20.44643,Infinity,0
0.07600021,-7.0,32.0,272.0,0.9913383,0.08356984,-0.00821489,0.082619816,Infinity,39.134613,23.762377,20.17699,Infinity,0
0.07600021,3.0,38.0,265.0,0.990767,0.086339414,-0.014489967,0.08570746,Infinity,38.94737,23.651316,20.088236,Infinity,0
0.07499981,25.0,30.0,253.0,0.99004173,0.090153374,-0.023242678,0.08819752,Infinity,38.94737,23.651316,20.117647,Infinity,0
0.07600021,24.0,46.0,260.0,0.9898245,0.09198524,-0.020024773,0.08952488,Infinity,39.182693,23.762377,20.537315,Infinity,0
0.07600021,9.0,52.0,260.0,0.98947906,0.08732391,-0.017759847,0.09807998,Infinity,38.94737,23.874172,21.284405,Infinity,0
0.07599926,-1.0,50.0,274.0,0.988636,0.09076266,-0.015121976,0.10373877,Infinity,38.761906,23.464052,21.671827,Infinity,0
0.07500076,-12.0,40.0,273.0,0.9876124,0.090833634,-0.018807082,0.112457454,Infinity,38.714287,23.0,21.838007,Infinity,0
0.07599926,48.0,33.0,248.0,0.98724145,0.08805057,-0.02187718,0.11727025,Infinity,38.761906,22.715654,21.838007,Infinity,0
0.07600021,7.0,46.0,277.0,0.9844817,0.07308099,-0.07327605,0.12925127,Infinity,38.89952,22.405064,21.284405,Infinity,0
0.07600021,30.0,52.0,273.0,0.9800118,0.0784674,-0.09688419,0.14373699,Infinity,38.714287,22.169811,21.094225,Infinity,0
0.07600021,106.0,0.0,229.0,0.97720295,0.08539032,-0.106688835,0.15175457,Infinity,38.714287,21.90031,20.507462,Infinity,0
0.076999664,136.0,20.0,224.0,0.97439307,0.076805316,-0.1373544,0.14973113,Infinity,38.666664,21.86916,19.396551,Infinity,0
0.07600021,46.0,24.0,266.0,0.9674673,0.078635864,-0.18909405,0.13670285,Infinity,38.483414,22.611465,17.798912,Infinity,0
0.07600021,95.0,20.0,254.0,0.96386355,0.08120663,-0.21472836,0.122029595,Infinity,37.36111,22.405064,17.135279,Infinity,0
0.07599926,127.0,20.0,226.0,0.95875466,0.0684256,-0.25376233,0.0912885,Infinity,34.91228,21.446154,16.23077,Infinity,0
0.07500076,153.0,20.0,225.0,0.957101,0.048472818,-0.26238942,0.096891806,Infinity,29.45946,18.181818,15.135136,Infinity,0
0.07599926,128.0,6.0,252.0,0.96266747,0.043903034,-0.24267139,0.095304765,Infinity,23.907284,13.680555,13.846154,Infinity,0
0.07600021,133.0,1.0,250.0,0.9670736,0.032007013,-0.22839344,0.09060526,Infinity,21.030302,12.336245,12.885905,Infinity,0
0.07600021,109.0,4.0,252.0,0.97230685,0.019241994,-0.20950331,0.083579935,Infinity,18.980171,11.673728,12.239131,Infinity,0
0.07600021,98.0,-2.0,251.0,0.9775342,6.481457E-4,-0.19020435,0.06982674,Infinity,17.207447,11.356994,11.858974,Infinity,0
0.07499981,101.0,-16.0,250.0,0.9826103,-0.024181066,-0.1674252,0.049860217,Infinity,16.030535,11.180124,11.536842,Infinity,0
0.07600021,80.0,-14.0,260.0,0.98286384,-0.0652043,-0.15830651,0.035913493,Infinity,15.5361595,11.092783,11.288981,Infinity,0
0.07599926,82.0,-44.0,260.0,0.9853959,-0.06618677,-0.14133903,0.035583705,Infinity,15.197044,11.00616,11.092783,Infinity,0
0.07600021,69.0,-43.0,271.0,0.9853837,-0.07374748,-0.13795324,0.03433169,Infinity,14.830097,10.963115,11.00616,Infinity,0
0.07499981,73.0,-39.0,261.0,0.9860373,-0.06593987,-0.13655859,0.03692384,Infinity,14.710145,10.877551,10.920246,Infinity,0
0.07600021,74.0,-37.0,253.0,0.9863191,-0.06188261,-0.13552494,0.040094208,Infinity,14.615384,10.877551,10.855397,Infinity,0
0.07600021,70.0,-41.0,261.0,0.98486793,-0.06816734,-0.14239909,0.041717853,Infinity,14.556355,10.877551,10.857143,Infinity,0
0.07600021,69.0,-63.0,277.0,0.98265684,-0.06531654,-0.1570287,0.045718506,Infinity,14.567307,10.920246,10.83503,Infinity,0
0.07600021,89.0,-45.0,254.0,0.979708,-0.05016795,-0.17957862,0.04510438,Infinity,14.615384,17.574123,10.83503,Infinity,0
0.07499981,101.0,-31.0,248.0,0.98034835,-0.05394464,-0.17582577,0.041499086,Infinity,14.6747,21.158535,10.792684,Infinity,0
0.07600021,74.0,-40.0,246.0,0.9815898,-0.033194147,-0.17402218,0.041523196,Infinity,14.830097,23.540983,10.792684,Infinity,0
0.07599926,86.0,-32.0,250.0,0.9831047,-0.018227948,-0.16765136,0.04116652,Infinity,15.04902,24.1,10.772358,Infinity,0
0.07600021,124.0,-25.0,245.0,0.9829076,-0.016971998,-0.16859485,0.04254481,Infinity,17.207447,23.907284,10.750507,Infinity,0
0.07499981,87.0,-22.0,258.0,0.9834961,0.013989165,-0.16482529,0.0447101,Infinity,23.214285,22.651758,10.750507,Infinity,0
0.07600021,105.0,-35.0,245.0,0.98685145,0.02948587,-0.14029102,0.04690742,Infinity,31.417006,16.030535,10.750507,Infinity,0
0.07600021,63.0,-9.0,257.0,0.98781306,0.04961307,-0.12385118,0.055246543,Infinity,37.98122,12.116631,10.708503,Infinity,0
0.07600021,69.0,32.0,269.0,0.9880272,0.062376276,-0.11418042,0.059187822,Infinity,38.301888,11.491596,10.708503,Infinity,0
0.07599926,70.0,13.0,261.0,0.9876387,0.08005302,-0.10540939,0.060651187,Infinity,38.666664,11.180124,10.686869,Infinity,0
0.07700062,54.0,21.0,268.0,0.9868028,0.09158383,-0.103378825,0.06143768,Infinity,38.028168,11.049383,10.666667,Infinity,0
0.07599926,62.0,36.0,264.0,0.98624736,0.09713898,-0.10301309,0.062434368,Infinity,37.803738,11.00616,10.666667,Infinity,0
0.07600021,55.0,51.0,266.0,0.9863828,0.09104815,-0.10669903,0.06327805,Infinity,37.36111,11.00616,10.625,Infinity,0
0.07600021,15.0,87.0,290.0,0.9839845,-0.030721435,-0.15920754,0.052306704,Infinity,35.06608,10.963115,10.625,Infinity,0
0.07499981,88.0,-38.0,254.0,0.9822122,-0.058765505,-0.16004127,0.053084943,Infinity,21.671827,10.920246,12.00431,Infinity,0
0.07600021,83.0,13.0,261.0,0.9807813,-0.06898582,-0.16729379,0.044166055,Infinity,17.453083,10.920246,21.801243,Infinity,0
0.07600021,92.0,-28.0,240.0,0.9806926,-0.08068445,-0.16247714,0.04429874,Infinity,16.50259,10.877551,23.322475,Infinity,0
0.07600021,74.0,-48.0,264.0,0.97792596,-0.09592488,-0.17093867,0.043221112,Infinity,15.964468,10.877551,23.289902,Infinity,0
0.07599926,78.0,-42.0,258.0,0.978612,-0.08980686,-0.16938417,0.04681434,Infinity,15.703517,10.83503,22.820513,Infinity,0
0.07500076,83.0,-59.0,260.0,0.9777848,-0.08776963,-0.17474544,0.048238337,Infinity,15.321781,10.877551,22.54777,Infinity,0
0.07599926,79.0,-36.0,256.0,0.9778426,-0.08714954,-0.17561625,0.044912193,Infinity,15.197044,10.83503,21.73913,Infinity,0
0.07600021,78.0,-61.0,245.0,0.97854346,-0.08547229,-0.17364985,0.040277887,Infinity,15.197044,10.83503,20.088236,Infinity,0
0.07600021,94.0,5.0,238.0,0.9807548,-0.094732784,-0.15229614,0.05078783,Infinity,15.197044,10.83503,15.728643,Infinity,0
0.07499981,83.0,-34.0,245.0,0.98329663,-0.10082469,-0.12748444,0.057770167,Infinity,15.073529,10.83503,12.190889,Infinity,0
0.07600021,51.0,-5.0,274.0,0.9878348,-0.08278838,-0.09734273,0.066921115,Infinity,15.172414,10.77079,11.582278,Infinity,0
0.07600021,40.0,-29.0,284.0,0.98974913,-0.077857316,-0.07984768,0.067733474,Infinity,15.197044,10.77079,11.446541,Infinity,0
0.07599926,38.0,-40.0,262.0,0.99055463,-0.08673263,-0.058190443,0.0672372,Infinity,15.135136,10.750507,11.377871,Infinity,0
0.07600021,21.0,-42.0,270.0,0.9905508,-0.093743525,-0.047145564,0.06654026,Infinity,15.110565,10.708503,11.356994,Infinity,0
0.07499981,18.0,-39.0,267.0,0.991991,-0.085358106,-0.03532246,0.063633524,Infinity,15.098039,10.730224,11.3125,Infinity,0
0.07600021,10.0,-36.0,278.0,0.99214315,-0.08622667,-0.041234374,0.05609014,Infinity,15.172414,10.728745,11.3125,Infinity,0
0.07600021,13.0,-34.0,262.0,0.9927076,-0.07981709,-0.04098365,0.05577399,Infinity,15.575,10.730224,11.268191,Infinity,0
0.07600021,23.0,-30.0,260.0,0.99268556,-0.07697565,-0.04773129,0.05478474,Infinity,16.23077,10.708503,11.268191,Infinity,0
0.07499981,19.0,-36.0,271.0,0.9923386,-0.077493645,-0.05786816,0.050394095,Infinity,16.710182,10.730224,11.247401,Infinity,0
0.07600021,24.0,-30.0,265.0,0.99258685,-0.07549356,-0.05728946,0.049188446,Infinity,16.138107,10.728745,11.247401,Infinity,0
0.07599926,24.0,-29.0,265.0,0.99264985,-0.07532358,-0.057283696,0.04817464,Infinity,16.09694,10.730224,11.224066,Infinity,0
0.07800007,26.0,-30.0,264.0,0.99271077,-0.074824095,-0.056715533,0.048370935,Infinity,15.768262,10.708503,11.224066,Infinity,1
0.07600021,20.0,-31.0,270.0,0.9925547,-0.075844705,-0.058041897,0.04840821,Infinity,15.678391,10.708503,11.224066,Infinity,0
0.07499981,27.0,-30.0,265.0,0.9926705,-0.07398159,-0.05805133,0.048905563,Infinity,15.599999,10.708503,11.200829,Infinity,0
0.07600021,24.0,-31.0,266.0,0.99257004,-0.07459205,-0.059412267,0.048378006,Infinity,15.599999,10.708503,11.180124,Infinity,0
0.07600021,26.0,-30.0,266.0,0.9926019,-0.074467786,-0.058775097,0.04869531,Infinity,15.575,10.708503,11.180124,Infinity,0
0.07600021,25.0,-33.0,269.0,0.99263614,-0.073706344,-0.058958914,0.04893225,Infinity,15.422886,10.708503,11.180124,Infinity,0
0.07499981,25.0,-30.0,266.0,0.99259377,-0.07453603,-0.058906592,0.04859676,Infinity,15.599999,10.708503,11.180124,Infinity,0
0.07600021,26.0,-30.0,267.0,0.9925689,-0.07497232,-0.05913584,0.048153292,Infinity,15.5361595,10.708503,11.136364,Infinity,0
0.07599926,25.0,-31.0,264.0,0.992783,-0.073447675,-0.056973483,0.04869224,Infinity,15.575,10.708503,11.136364,Infinity,0
0.07600021,24.0,-37.0,267.0,0.99289364,-0.07233919,-0.056876965,0.048205543,Infinity,15.5361595,10.708503,11.136364,Infinity,0
0.07600021,23.0,-24.0,266.0,0.9922861,-0.07902224,-0.05665451,0.050434384,Infinity,15.511222,10.686869,11.136364,Infinity,0
0.07499981,27.0,-36.0,269.0,0.99037427,-0.09926732,-0.055575076,0.053336073,Infinity,15.5361595,10.708503,11.136364,Infinity,0
0.07600021,19.0,-55.0,271.0,0.9859302,-0.13681091,-0.062316835,0.04434069,Infinity,15.511222,10.708503,11.136364,Infinity,0
0.07600021,30.0,-87.0,253.0,0.9770586,-0.18985176,-0.07042235,0.03120039,Infinity,15.447761,10.688259,11.113401,Infinity,0
0.07600021,31.0,-115.0,234.0,0.9628892,-0.2538366,-0.06642803,0.025745593,Infinity,15.321781,10.708503,11.115703,Infinity,0
0.07499981,28.0,-130.0,225.0,0.9503526,-0.29958433,-0.055169355,0.025645854,Infinity,15.283951,10.708503,11.092783,Infinity,0
0.07600021,6.0,-148.0,237.0,0.9439827,-0.31877267,-0.052767914,0.033530705,Infinity,15.234568,10.686869,11.092783,Infinity,0
0.07599926,16.0,-152.0,221.0,0.9372988,-0.33772922,-0.053546134,0.034222987,Infinity,15.197044,10.666667,11.049383,Infinity,0
0.07600021,13.0,-154.0,221.0,0.93497556,-0.34404635,-0.0548021,0.032846086,Infinity,15.197044,10.686869,11.049383,Infinity,0
0.07600021,15.0,-162.0,220.0,0.9360453,-0.3411106,-0.05491552,0.032810517,Infinity,15.135136,10.666667,11.049383,Infinity,0
0.07499981,18.0,-176.0,221.0,0.94587463,-0.31214896,-0.05741974,0.034841634,Infinity,15.135136,10.666667,11.028807,Infinity,0
0.07600021,33.0,-152.0,214.0,0.9660687,-0.24337903,-0.047432624,0.044020668,Infinity,15.346535,10.666667,11.049383,Infinity,0
0.07600021,15.0,-113.0,240.0,0.97992116,-0.18221594,-0.03191812,0.046841454,Infinity,15.321781,10.666667,11.049383,Infinity,0
0.07599926,5.0,-89.0,252.0,0.98845875,-0.13005432,-0.02621739,0.044369157,Infinity,15.359801,10.666667,11.049383,Infinity,0
0.07500076,11.0,-64.0,256.0,0.99526495,-0.06080705,-0.016151592,0.04670772,Infinity,15.321781,10.666667,11.049383,Infinity,0
0.07599926,0.0,10.0,262.0,0.99687374,0.021872738,0.005165055,0.05040781,Infinity,15.346535,10.646465,11.049383,Infinity,0
0.07600021,5.0,35.0,259.0,0.99197096,0.10052427,0.010729081,0.050330658,Infinity,15.346535,10.666667,11.049383,Infinity,0
0.07600021,0.0,66.0,250.0,0.9774418,0.19410159,0.030431064,0.053893387,Infinity,15.321781,10.645162,11.049383,Infinity,0
0.07600021,1.0,96.0,234.0,0.96542495,0.24308789,0.04589697,0.058106784,Infinity,15.346535,10.646465,11.049383,Infinity,0
0.07499981,-19.0,140.0,232.0,0.9472834,0.29963067,0.07075167,0.06729596,Infinity,15.384616,10.645162,11.049383,Infinity,0
0.07600021,-19.0,161.0,222.0,0.94352627,0.3119544,0.06786933,0.06682445,Infinity,15.40943,10.625,11.049383,Infinity,0
0.07599926,-22.0,158.0,208.0,0.9412506,0.31981987,0.06519668,0.06435287,Infinity,15.5361595,10.625,11.049383,Infinity,0
0.07600021,-18.0,162.0,205.0,0.9395055,0.32417354,0.0669922,0.06619968,Infinity,15.703517,10.625,11.06996,Infinity,0
0.07499981,-10.0,145.0,200.0,0.9379319,0.32650396,0.07236517,0.071214624,Infinity,15.873418,10.625,11.049383,Infinity,0
0.07600021,-28.0,167.0,224.0,0.9477563,0.2996196,0.0625036,0.06860332,Infinity,16.340206,10.646465,11.049383,Infinity,0
0.07599926,-27.0,154.0,229.0,0.964981,0.24412122,0.044284917,0.062388096,Infinity,16.528498,10.625,11.049383,Infinity,0
0.07600021,-6.0,124.0,237.0,0.9837807,0.15973553,0.015560214,0.057136137,Infinity,16.640625,10.625,11.049383,Infinity,0
0.07600021,11.0,60.0,252.0,0.9939385,0.07747314,-0.014905263,0.051916707,Infinity,16.692709,10.625,11.028807,Infinity,0
0.07500076,5.0,-4.0,271.0,0.9963423,0.020982208,-0.029197767,0.051377736,Infinity,17.352942,10.625,11.026693,Infinity,0
0.07600021,5.0,-8.0,267.0,0.99433005,-0.06501632,-0.044556133,0.04373949,Infinity,17.37968,10.646465,11.00616,Infinity,0
0.07600021,27.0,-52.0,252.0,0.9885533,-0.12003811,-0.053388976,0.046065334,Infinity,17.594595,10.625,11.00616,Infinity,0
0.07600021,21.0,-70.0,254.0,0.97855216,-0.1799235,-0.06587915,0.04862405,Infinity,17.180851,10.645162,10.985626,Infinity,0
0.074998856,20.0,-106.0,245.0,0.9665426,-0.23356704,-0.07527952,0.04685001,Infinity,17.479893,10.646465,10.985626,Infinity,0
0.07600021,34.0,-143.0,234.0,0.956799,-0.26659995,-0.08849661,0.047478054,Infinity,17.234043,10.625,10.963115,Infinity,0
0.07600021,44.0,-164.0,224.0,0.9541612,-0.2735327,-0.09363593,0.05116649,Infinity,17.847412,10.625,10.963115,Infinity,0
0.07600021,36.0,-161.0,226.0,0.95778733,-0.26141158,-0.09061917,0.052198246,Infinity,18.337952,10.646465,10.963115,Infinity,0
0.074998856,37.0,-146.0,224.0,0.9718364,-0.20641507,-0.07965813,0.05657374,Infinity,17.28,10.625,10.963115,Infinity,0
0.07600021,23.0,-102.0,246.0,0.9836491,-0.14603513,-0.064919665,0.05951998,Infinity,17.234043,10.625,10.963115,Infinity,0
0.07600021,25.0,-86.0,248.0,0.99248105,-0.07794849,-0.04093722,0.06276344,Infinity,17.426273,10.625,10.963115,Infinity,0
0.07600021,12.0,-37.0,262.0,0.9961199,-0.008972347,-0.020591967,0.06282978,Infinity,17.207447,10.625,10.963115,Infinity,0
0.07600021,3.0,-23.0,268.0,0.99361634,0.07893307,-0.007256309,0.057236746,Infinity,16.992085,10.625,10.963115,Infinity,0
0.07500076,5.0,38.0,253.0,0.9877469,0.13201031,0.014887125,0.057752687,Infinity,16.992085,10.625,10.963115,Infinity,0
0.075998306,-4.0,84.0,253.0,0.97909236,0.175523,0.04981429,0.068612024,Infinity,16.992085,10.625,10.985626,Infinity,0
0.07600021,-27.0,97.0,259.0,0.96906495,0.21358566,0.078953855,0.075383715,Infinity,16.780106,10.625,10.963115,Infinity,0
0.07600021,-35.0,107.0,247.0,0.9662598,0.2233916,0.08561304,0.07574927,Infinity,16.736294,10.625,10.963115,Infinity,0
0.07800102,-33.0,106.0,245.0,0.9660343,0.22221106,0.08788845,0.07940448,Infinity,16.684072,10.625,10.983606,Infinity,0
0.074998856,-52.0,127.0,265.0,0.98300165,0.15419851,0.051255956,0.063774176,Infinity,16.528498,10.604838,10.963115,Infinity,0
0.07600021,-16.0,73.0,256.0,0.99642175,0.047220543,0.004666852,0.044719428,Infinity,16.434109,10.625,10.963115,Infinity,0
0.07600021,25.0,-24.0,247.0,0.9969958,-0.030105649,-0.018934604,0.03902308,Infinity,16.36598,10.625,10.963115,Infinity,0
0.073999405,0.0,-18.0,271.0,0.99705875,-0.019532837,-0.0032671923,0.04593123,Infinity,16.434109,10.625,10.963115,Infinity,0
0.07500076,-3.0,-9.0,270.0,0.99696946,-0.023432244,-0.00731775,0.04559279,Infinity,16.434109,10.625,10.963115,Infinity,0
0.07600021,2.0,-9.0,268.0,0.99695337,-0.024544422,-0.005963632,0.045559797,Infinity,16.36598,10.625,10.963115,Infinity,0
0.07600021,6.0,-14.0,262.0,0.9966832,-0.027445445,0.008760445,0.049209457,Infinity,16.323908,10.583501,10.963115,Infinity,0
0.07600021,5.0,-9.0,252.0,0.99324805,-0.054951552,0.05964589,0.059200447,Infinity,16.459948,10.625,10.963115,Infinity,0
0.074998856,-57.0,-25.0,257.0,0.9851542,-0.0633634,0.13214366,0.068636864,Infinity,17.135279,10.625,10.963115,Infinity,0
0.07600021,-87.0,-32.0,257.0,0.97635937,-0.056258947,0.18359967,0.08042913,Infinity,17.28,10.603622,10.920246,Infinity,0
0.07600021,-101.0,-28.0,246.0,0.96887374,-0.06391,0.21620172,0.08415572,Infinity,16.189259,10.625,10.920246,Infinity,0
0.07600021,-126.0,-20.0,247.0,0.9625707,-0.07220697,0.23784544,0.09111099,Infinity,16.163683,10.625,10.920246,Infinity,0
0.07600021,-127.0,-22.0,230.0,0.9574786,-0.07173588,0.25551614,0.09710132,Infinity,16.005089,10.625,10.920246,Infinity,0
0.074998856,-140.0,-24.0,241.0,0.95868814,-0.06742225,0.2526556,0.09573901,Infinity,16.09694,10.625,10.877551,Infinity,0
0.07600021,-138.0,-20.0,238.0,0.96340716,-0.063278005,0.23591304,0.093895,Infinity,16.122448,10.645162,10.920246,Infinity,0
0.07600021,-126.0,-23.0,249.0,0.97449845,-0.054326124,0.19251533,0.08344068,Infinity,16.163683,10.645162,10.877551,Infinity,0
0.07800102,-95.0,-10.0,239.0,0.98814374,-0.0557911,0.115237586,0.0628248,Infinity,16.030535,10.625,10.877551,Infinity,0
0.074998856,-54.0,-28.0,257.0,0.99518263,-0.06010306,0.03561267,0.03901392,Infinity,15.964468,10.625,10.877551,Infinity,0
0.07600021,-15.0,-41.0,266.0,0.99512774,-0.06445891,-0.039427876,0.027382275,Infinity,15.898734,10.625,10.877551,Infinity,0
0.073999405,0.0,-32.0,299.0,0.9842329,-0.0708651,-0.15255295,0.007902114,Infinity,15.768262,10.625,10.877551,Infinity,0
0.07600021,80.0,-56.0,258.0,0.9663173,-0.06485527,-0.24257682,-0.008029672,Infinity,15.575,10.604838,10.89796,Infinity,0
0.07600021,115.0,-62.0,235.0,0.9490796,-0.04911786,-0.30552056,-0.0133302035,Infinity,15.511222,10.583501,10.899796,Infinity,0
0.07500076,161.0,-51.0,207.0,0.93489754,-0.04495359,-0.34698224,-0.013144246,Infinity,15.639097,10.583501,10.920246,Infinity,0
0.07600021,189.0,-17.0,196.0,0.9346516,-0.03834367,-0.34865898,-0.0047237487,Infinity,15.703517,10.583501,10.920246,Infinity,0
0.07600021,169.0,-30.0,206.0,0.9422158,-0.036617745,-0.32789513,0.0011828601,Infinity,15.678391,10.583501,10.920246,Infinity,0
0.075998306,147.0,-28.0,239.0,0.94880664,-0.029045638,-0.30907398,0.0048736557,Infinity,15.703517,10.583501,10.920246,Infinity,0
0.07500076,135.0,-43.0,242.0,0.9548229,-0.023207154,-0.29039988,0.008428604,Infinity,15.768262,10.583501,10.920246,Infinity,0
0.07600021,143.0,-9.0,218.0,0.96714383,-0.03691403,-0.24395603,0.019426353,Infinity,15.768262,10.583501,10.920246,Infinity,0
0.07600021,125.0,-17.0,232.0,0.98216367,-0.04557711,-0.17001961,0.033304475,Infinity,15.964468,10.583501,10.899796,Infinity,0
0.07600021,35.0,-27.0,265.0,0.9944588,-0.011626691,-0.064485796,0.061855543,Infinity,16.189259,10.583501,10.877551,Infinity,0
0.077999115,1.0,-11.0,264.0,0.99490714,-0.0063150576,0.015481132,0.08172038,Infinity,16.391752,10.583501,10.877551,Infinity,0
0.07500076,-30.0,-4.0,268.0,0.9913049,-0.00879379,0.0744689,0.09126437,Infinity,16.684072,10.603622,10.857143,Infinity,0
0.07600021,-64.0,-17.0,257.0,0.9838494,-0.0042265165,0.13442309,0.102922514,Infinity,16.894737,10.603622,10.83503,Infinity,0
0.07600021,-88.0,13.0,254.0,0.97610426,-0.024047976,0.17658658,0.109917834,Infinity,16.921053,10.583501,10.83503,Infinity,0
0.075998306,-108.0,2.0,259.0,0.97051305,-0.02312949,0.2001064,0.11897395,Infinity,16.992085,10.625,10.83503,Infinity,0
0.07500076,-116.0,-7.0,255.0,0.9665379,-0.030443402,0.21742503,0.11929995,Infinity,16.992085,10.625,10.83503,Infinity,0
0.07600021,-118.0,2.0,235.0,0.96532834,-0.037648767,0.22226632,0.11811398,Infinity,16.992085,10.625,10.814665,Infinity,0
0.07600021,-119.0,-2.0,239.0,0.96693623,-0.036105305,0.2169678,0.115261085,Infinity,16.992085,10.603622,10.792684,Infinity,0
0.07600021,-121.0,-7.0,257.0,0.9749981,-0.03687502,0.18507041,0.10194934,Infinity,16.921053,10.603622,10.792684,Infinity,0
0.07600021,-104.0,-15.0,264.0,0.98776263,-0.016836641,0.118923225,0.08130451,Infinity,16.921053,10.603622,10.792684,Infinity,0
0.074998856,-61.0,8.0,250.0,0.99548,-0.031819828,0.026169633,0.06487888,Infinity,16.850393,10.604838,10.792684,Infinity,0
0.07600021,-18.0,-8.0,272.0,0.99540955,-0.027385844,-0.05307096,0.048698004,Infinity,16.780106,10.603622,10.792684,Infinity,0
0.07600021,29.0,-20.0,273.0,0.9891919,-0.032034814,-0.12866774,0.026051048,Infinity,16.476685,10.604838,10.83503,Infinity,0
0.07600021,60.0,-46.0,251.0,0.98136276,-0.018581666,-0.18147682,0.016357265,Infinity,16.23077,10.583501,10.792684,Infinity,0
0.074998856,96.0,-38.0,238.0,0.98013735,-0.01555771,-0.18792057,0.02010173,Infinity,15.924051,10.583501,10.792684,Infinity,0
0.07600021,87.0,-20.0,239.0,0.98403484,-0.023189183,-0.16497394,0.023436408,Infinity,15.898734,10.563381,10.792684,Infinity,0
0.07600021,74.0,-22.0,261.0,0.98654884,-0.030684074,-0.14746343,0.025747227,Infinity,15.833334,10.562249,10.83503,Infinity,0
0.07600021,57.0,-22.0,279.0,0.98748255,-0.022333952,-0.14283413,0.024639754,Infinity,15.768262,10.542169,10.792684,Infinity,0
0.07600021,62.0,-41.0,261.0,0.9899847,-0.01551869,-0.12448236,0.028673824,Infinity,15.793451,10.542169,10.813008,Infinity,0
0.07500076,54.0,-28.0,253.0,0.9941938,-0.017070195,-0.07684286,0.044768464,Infinity,15.768262,10.542169,10.792684,Infinity,0
0.075998306,24.0,-20.0,272.0,0.9958829,-0.022101227,-0.03658191,0.054908752,Infinity,15.768262,10.542169,10.792684,Infinity,0
0.07600021,4.0,-15.0,281.0,0.9958841,-0.02069317,-0.030201113,0.05919572,Infinity,15.768262,10.562249,10.792684,Infinity,0
0.07600021,9.0,-27.0,272.0,0.9958983,-0.019731214,-0.028095884,0.060311146,Infinity,15.768262,10.542169,10.792684,Infinity,0
0.07500076,5.0,-20.0,266.0,0.99583536,-0.023151755,-0.027828421,0.06025628,Infinity,15.768262,10.542169,10.792684,Infinity,0
0.07600021,11.0,-24.0,263.0,0.9956387,-0.024321957,-0.026638513,0.06349796,Infinity,15.768262,10.563381,10.792684,Infinity,0
0.07600021,10.0,-8.0,271.0,0.9921886,-0.021419082,-0.03465679,0.10259952,Infinity,15.768262,10.542169,10.792684,Infinity,0
0.077999115,13.0,-3.0,265.0,0.9791728,-0.02551749,-0.049741093,0.18682691,Infinity,15.728643,10.542169,10.77079,Infinity,0
0.07600021,17.0,-12.0,257.0,0.9571639,-0.048954587,-0.05380388,0.27462566,Infinity,15.703517,10.583501,10.77079,Infinity,0
0.07500076,22.0,-64.0,280.0,0.9401641,-0.0347901,-0.04880975,0.3303653,Infinity,16.545454,10.542169,10.792684,Infinity,0
0.075998306,7.0,-18.0,272.0,0.9241386,-0.03675336,-0.043544717,0.37328807,Infinity,16.780106,10.542169,10.792684,Infinity,0
0.07600021,12.0,-27.0,257.0,0.9132962,-0.051434733,-0.03669507,0.3981516,Infinity,16.947369,10.542169,10.792684,Infinity,0
0.07600021,1.0,-29.0,267.0,0.90432775,-0.0580511,-0.0358722,0.41732824,Infinity,17.108753,10.542169,10.813008,Infinity,0
0.07500076,1.0,-43.0,266.0,0.90401155,-0.062646225,-0.037370723,0.41721886,Infinity,17.063492,10.542169,10.792684,Infinity,0
0.073999405,0.0,-51.0,270.0,0.91700876,-0.06720928,-0.041423097,0.386637,Infinity,17.063492,10.542169,10.792684,Infinity,0
0.07600021,3.0,-29.0,260.0,0.9325361,-0.07633864,-0.04855605,0.34469464,Infinity,17.207447,10.542169,10.792684,Infinity,0
0.07600021,11.0,-50.0,254.0,0.95144004,-0.091305315,-0.04897926,0.28405404,Infinity,17.234043,10.542169,10.77079,Infinity,0
0.07600021,5.0,-72.0,265.0,0.9747985,-0.09037363,-0.027916623,0.19416974,Infinity,17.574123,10.542169,10.772358,Infinity,0
0.074998856,-12.0,-46.0,261.0,0.98967516,-0.0759894,-0.00405362,0.10777686,Infinity,17.621622,10.522088,10.77079,Infinity,0
0.07600021,-12.0,-55.0,275.0,0.99462146,-0.087784074,5.348313E-4,0.0026683358,Infinity,16.391752,10.542169,10.750507,Infinity,0
0.07800102,-4.0,-67.0,263.0,0.9908935,-0.08079074,0.005562751,-0.092013344,Infinity,15.964468,10.542169,10.708503,Infinity,0
0.07600021,-12.0,-47.0,262.0,0.9828128,-0.063080214,0.007411571,-0.16363207,Infinity,15.924051,10.522088,10.708503,Infinity,0
0.074998856,-5.0,-43.0,254.0,0.9775852,-0.035943013,0.022390943,-0.19788009,Infinity,15.898734,10.542169,10.708503,Infinity,0
0.07600021,-7.0,-38.0,271.0,0.9730981,-0.035534486,0.03308179,-0.21760267,Infinity,15.833334,10.521042,10.708503,Infinity,0
0.07600021,-15.0,-25.0,272.0,0.971665,-0.029928293,0.038651243,-0.22384539,Infinity,15.833334,10.501002,10.708503,Infinity,0
0.07600021,-26.0,-19.0,276.0,0.9711278,-0.040963333,0.033822615,-0.2252068,Infinity,18.259668,10.501002,10.708503,Infinity,0
0.07600021,-14.0,-38.0,277.0,0.9740471,-0.045680232,0.03369135,-0.2112803,Infinity,15.384616,10.501002,10.708503,Infinity,0
0.074998856,-10.0,2.0,257.0,0.9852256,-0.04551609,0.039579436,-0.14946641,Infinity,19.333332,10.501002,10.708503,Infinity,0
0.07600021,-25.0,-64.0,273.0,0.9948262,-0.034999825,0.019605843,-0.073939554,Infinity,18.870056,10.501002,10.686869,Infinity,0
0.07600021,-18.0,-21.0,278.0,0.99648803,-0.060470443,-0.0067030056,0.013964709,Infinity,18.760563,10.522088,10.708503,Infinity,0
0.07600021,0.0,-17.0,259.0,0.9853533,-0.058200844,-0.028024632,0.14904754,Infinity,15.384616,10.501002,10.708503,Infinity,0
0.07500076,6.0,-89.0,250.0,0.964228,-0.057704277,-0.033750556,0.25056037,Infinity,15.259258,10.501002,10.708503,Infinity,0
0.07600021,9.0,-6.0,275.0,0.9433044,-0.042383004,-0.036256246,0.3222022,Infinity,15.384616,10.521042,10.708503,Infinity,0
0.075998306,0.0,-25.0,281.0,0.92238337,-0.052721694,-0.043820005,0.37568384,Infinity,15.511222,10.501002,10.708503,Infinity,0
0.07600021,-1.0,-26.0,271.0,0.9071862,-0.055274792,-0.04307822,0.4107644,Infinity,15.639097,10.521042,10.750507,Infinity,0
0.07600021,12.0,-39.0,263.0,0.89739716,-0.052816715,-0.040678866,0.43227538,Infinity,15.66416,10.521042,10.750507,Infinity,0
0.07500076,12.0,-38.0,263.0,0.8932929,-0.052470338,-0.043832567,0.44043484,Infinity,15.743073,10.501002,10.750507,Infinity,0
0.07600021,10.0,-29.0,265.0,0.89058876,-0.049811818,-0.04769089,0.44578627,Infinity,15.743073,10.521042,10.750507,Infinity,0
0.07600021,14.0,-33.0,257.0,0.8961371,-0.05844409,-0.048692625,0.4333365,Infinity,15.66416,10.501002,10.750507,Infinity,0
0.07600021,13.0,-40.0,271.0,0.91341394,-0.07004927,-0.059164148,0.39228883,Infinity,15.743073,10.521042,10.728745,Infinity,0
0.074998856,8.0,-25.0,261.0,0.93362725,-0.086307175,-0.067877874,0.33604804,Infinity,16.071428,10.501002,10.708503,Infinity,0
0.07600021,10.0,-65.0,254.0,0.9572893,-0.11405263,-0.06500291,0.25143263,Infinity,19.454023,10.501002,10.708503,Infinity,0
0.07600021,5.0,-91.0,259.0,0.97780764,-0.12404496,-0.05042196,0.15141319,Infinity,17.5,10.501002,10.708503,Infinity,0
0.07600021,4.0,-48.0,254.0,0.9924735,-0.0965782,-0.023733532,0.046466265,Infinity,16.05598,10.542169,10.708503,Infinity,0
0.07600021,5.0,-46.0,276.0,0.98665416,-0.13951054,-0.03580765,-0.0528197,Infinity,15.924051,10.501002,10.666667,Infinity,0
0.074998856,22.0,-85.0,258.0,0.98099744,-0.14623864,-0.030306064,-0.109430335,Infinity,15.898734,10.501002,10.666667,Infinity,0
0.07600021,14.0,-62.0,272.0,0.97499055,-0.14933491,-0.02825827,-0.15138713,Infinity,17.750679,10.501002,10.666667,Infinity,0
0.07600021,23.0,-53.0,253.0,0.9765171,-0.12836014,-0.018948568,-0.16188514,Infinity,15.833334,10.501002,10.666667,Infinity,0
0.07600021,15.0,-57.0,271.0,0.9744305,-0.12480755,-0.022195099,-0.17619504,Infinity,15.858585,10.501002,10.645162,Infinity,0
0.07500076,16.0,-64.0,266.0,0.97496176,-0.122346535,-0.020088628,-0.17523389,Infinity,15.833334,10.501002,10.645162,Infinity,0
0.075998306,15.0,-60.0,261.0,0.97625107,-0.12405602,-0.023822214,-0.16614987,Infinity,15.728643,10.501002,10.666667,Infinity,0
0.07600021,15.0,-37.0,258.0,0.98527426,-0.1159835,-0.023490628,-0.10887089,Infinity,15.639097,10.501002,10.666667,Infinity,0
0.07600021,8.0,-38.0,267.0,0.992815,-0.090501145,-0.036495045,-0.039050087,Infinity,15.898734,10.501002,10.666667,Infinity,0
0.07600021,10.0,-47.0,268.0,0.99395776,-0.08339993,-0.040678028,0.0077584623,Infinity,17.234043,10.501002,10.666667,Infinity,0
0.07500076,29.0,-69.0,261.0,0.9943851,-0.07147063,-0.036138136,0.037559595,Infinity,17.28,10.501002,10.666667,Infinity,0
0.07600021,15.0,-44.0,273.0,0.99413645,-0.07183906,-0.03909414,0.040412966,Infinity,17.180851,10.501002,10.688259,Infinity,0
0.077999115,15.0,-47.0,266.0,0.9943203,-0.06415952,-0.048054077,0.03912799,Infinity,17.207447,10.501002,10.686869,Infinity,0
0.07600021,25.0,-37.0,264.0,0.9944158,-0.058044642,-0.05472977,0.037445035,Infinity,17.352942,10.501002,10.666667,Infinity,0
0.07500076,33.0,-27.0,274.0,0.99409515,-0.05231448,-0.06906567,0.029947441,Infinity,18.027397,10.521042,10.688259,Infinity,0
0.075998306,37.0,-26.0,258.0,0.9935299,-0.041570503,-0.08489995,0.02430421,Infinity,33.02521,10.563381,10.708503,Infinity,0
0.07600021,32.0,-26.0,259.0,0.9945773,-0.02422375,-0.07735519,0.029560423,Infinity,38.028168,10.542169,10.708503,Infinity,0
0.07600021,51.0,-9.0,261.0,0.9947219,-0.02164864,-0.07404331,0.034737237,Infinity,39.90244,10.542169,10.708503,Infinity,0
0.07600021,36.0,-2.0,274.0,0.9949324,-0.016812086,-0.07316645,0.033210557,Infinity,39.182693,10.542169,10.708503,Infinity,0
0.07500076,32.0,-9.0,269.0,0.9953816,-0.00915348,-0.06828679,0.03313601,Infinity,39.182693,10.542169,10.708503,Infinity,0
0.07600021,35.0,-8.0,262.0,0.99562186,-0.007375366,-0.064221375,0.034467623,Infinity,38.995216,10.542169,10.688259,Infinity,0
0.075998306,30.0,1.0,268.0,0.9959984,-5.8931496E-4,-0.059382375,0.033012554,Infinity,38.89952,10.562249,10.708503,Infinity,0
0.07600021,29.0,9.0,256.0,0.993581,-0.051985547,-0.073925264,0.035359588,Infinity,33.347458,10.542169,10.708503,Infinity,0
0.07500076,57.0,-49.0,258.0,0.99475855,-0.05159972,-0.049532805,0.044353876,Infinity,21.094225,10.501002,10.666667,Infinity,0
0.07600021,3.0,-34.0,294.0,0.99344933,-0.06686398,-0.05777342,0.043341782,Infinity,16.597403,10.521042,10.666667,Infinity,0
0.07600021,36.0,-53.0,265.0,0.9917916,-0.07456635,-0.074827455,0.04264609,Infinity,15.898734,10.522088,10.666667,Infinity,0
0.07600021,35.0,-45.0,266.0,0.9912983,-0.07690477,-0.07735605,0.04537469,Infinity,15.639097,10.501002,10.666667,Infinity,0
0.075998306,31.0,-52.0,241.0,0.9914854,-0.08047529,-0.07066545,0.046002578,Infinity,15.511222,10.501002,10.646465,Infinity,0
0.07500076,41.0,-43.0,259.0,0.99127567,-0.08586232,-0.06659234,0.046851616,Infinity,15.384616,10.501002,10.666667,Infinity,0
0.07600021,34.0,-46.0,267.0,0.99098384,-0.08958388,-0.06510102,0.048137132,Infinity,15.321781,10.480962,10.666667,Infinity,0
0.07600021,37.0,-49.0,263.0,0.9909789,-0.091428086,-0.06283674,0.047778558,Infinity,15.259258,10.48,10.666667,Infinity,0
0.07600021,31.0,-51.0,262.0,0.9910087,-0.09414934,-0.058913622,0.04686708,Infinity,15.197044,10.501002,10.666667,Infinity,0
0.074998856,29.0,-46.0,279.0,0.9908187,-0.090434924,-0.07037079,0.04215405,Infinity,15.197044,10.708503,10.666667,Infinity,0
0.07600021,22.0,-70.0,284.0,0.99193525,-0.039274964,-0.099841364,0.0343716,Infinity,15.221674,20.813253,10.625,Infinity,0
0.07800102,43.0,-43.0,255.0,0.991941,-0.043979205,-0.0977256,0.03461665,Infinity,15.321781,23.874172,10.625,Infinity,0
0.07600021,51.0,-23.0,258.0,0.9924638,-0.042747118,-0.09341032,0.033048958,Infinity,15.172414,24.711864,10.625,Infinity,0
0.075998306,46.0,-28.0,265.0,0.9929741,-0.04163389,-0.08986487,0.02868722,Infinity,15.197044,25.397923,10.625,Infinity,0
0.07500076,46.0,-25.0,259.0,0.9931873,-0.04325479,-0.08618156,0.030170685,Infinity,15.197044,25.034246,10.625,Infinity,0
0.07600021,38.0,-19.0,269.0,0.99310845,-0.0409314,-0.08541497,0.03733555,Infinity,15.110565,24.32886,10.625,Infinity,0
0.07600021,77.0,1.0,231.0,0.9909896,-0.08601947,-0.06756263,0.05096471,Infinity,15.135136,16.50259,10.583501,Infinity,0
0.07600021,28.0,-37.0,267.0,0.9922817,-0.07786726,-0.05052128,0.0582219,Infinity,14.97561,11.491596,10.603622,Infinity,0
0.074998856,28.0,-45.0,267.0,0.9920186,-0.08080641,-0.05343205,0.056071896,Infinity,14.926829,11.113401,10.625,Infinity,0
0.07600021,29.0,-39.0,264.0,0.9919893,-0.079674795,-0.053403817,0.05819526,Infinity,14.830097,11.049383,10.583501,Infinity,0
0.07600021,29.0,-48.0,261.0,0.9919799,-0.07855739,-0.053548504,0.059722953,Infinity,14.914842,11.00616,10.583501,Infinity,0
0.07600021,31.0,-38.0,262.0,0.99195975,-0.07852966,-0.052805305,0.06074597,Infinity,14.890511,11.00616,10.603622,Infinity,0
0.07600021,27.0,-42.0,263.0,0.9921862,-0.07606849,-0.051245574,0.061510883,Infinity,14.914842,10.963115,10.583501,Infinity,0
0.074998856,27.0,-35.0,274.0,0.9921297,-0.07211903,-0.053060435,0.065510355,Infinity,14.95122,10.963115,10.583501,Infinity,0
0.07600021,30.0,-34.0,266.0,0.9917843,-0.07360733,-0.055811226,0.066787206,Infinity,14.987775,10.920246,10.583501,Infinity,0
0.07600021,41.0,-43.0,256.0,0.99177474,-0.07213744,-0.05533874,0.06889378,Infinity,14.890511,10.899796,10.583501,Infinity,0
0.07600021,36.0,-42.0,264.0,0.9915656,-0.07383403,-0.05592129,0.069632486,Infinity,14.890511,10.877551,10.583501,Infinity,0
0.07500076,27.0,-39.0,267.0,0.9916124,-0.07383868,-0.056398388,0.068566896,Infinity,14.830097,10.877551,10.583501,Infinity,0
0.07600021,30.0,-42.0,264.0,0.9914667,-0.07236907,-0.05228007,0.07518459,Infinity,15.159704,10.857143,10.583501,Infinity,0
0.07600021,35.0,-38.0,265.0,0.9912361,-0.07096281,-0.051452048,0.079984784,Infinity,14.830097,10.83503,10.583501,Infinity,0
0.075998306,26.0,-35.0,270.0,0.99100095,-0.07157634,-0.049623348,0.08343308,Infinity,14.830097,10.83503,10.583501,Infinity,0
0.07600021,30.0,-45.0,265.0,0.99086386,-0.06889379,-0.04812028,0.08807032,Infinity,14.805824,10.83503,10.583501,Infinity,0
0.07500076,30.0,-36.0,262.0,0.9900312,-0.07084151,-0.047653735,0.09580226,Infinity,14.830097,10.814665,10.583501,Infinity,0
0.07600021,26.0,-37.0,269.0,0.9892772,-0.07460359,-0.048100013,0.10040354,Infinity,14.890511,10.83503,10.583501,Infinity,0
0.07600021,28.0,-40.0,262.0,0.98841316,-0.073584475,-0.04658795,0.10992547,Infinity,14.926829,10.813008,10.583501,Infinity,0
0.07600021,26.0,-36.0,268.0,0.9869341,-0.07103865,-0.048063513,0.12342477,Infinity,14.914842,10.792684,10.583501,Infinity,0
0.076999664,27.0,-26.0,265.0,0.98367244,-0.064208366,-0.050995674,0.14930747,Infinity,14.95122,10.792684,10.583501,Infinity,0
0.07600021,31.0,-33.0,269.0,0.97855824,-0.057616424,-0.05592415,0.18056403,Infinity,14.926829,10.814665,10.583501,Infinity,0
0.07600021,35.0,-51.0,263.0,0.97419006,-0.04813617,-0.05865017,0.20450997,Infinity,14.890511,10.792684,10.583501,Infinity,0
0.075998306,32.0,-21.0,279.0,0.9661991,-0.041000597,-0.07083483,0.23745807,Infinity,14.854369,10.792684,10.583501,Infinity,0
0.07600021,45.0,-25.0,263.0,0.9599972,-0.024081137,-0.08816399,0.25822318,Infinity,14.830097,10.77079,10.583501,Infinity,0
0.07500076,46.0,-29.0,277.0,0.9482921,0.0111833885,-0.11735285,0.2889035,Infinity,14.7941885,10.772358,10.583501,Infinity,0
0.07600021,75.0,-13.0,258.0,0.9372634,0.025943762,-0.12823771,0.31787553,Infinity,14.830097,10.77079,10.583501,Infinity,0
0.07600021,78.0,0.0,265.0,0.9222492,0.062267996,-0.14643618,0.3475008,Infinity,14.854369,10.77079,10.583501,Infinity,0
0.073999405,89.0,0.0,258.0,0.9056562,0.0961364,-0.15159884,0.37971625,Infinity,14.890511,10.750507,10.604838,Infinity,0
0.07500076,116.0,10.0,235.0,0.9003292,0.09147639,-0.15298249,0.39276552,Infinity,14.95122,10.750507,10.625,Infinity,0
0.075998306,103.0,1.0,247.0,0.8912177,0.095566176,-0.1541379,0.4116647,Infinity,14.95122,10.750507,10.604838,Infinity,0
0.07600021,108.0,5.0,251.0,0.8834245,0.09642051,-0.15010388,0.42937323,Infinity,14.95122,10.750507,10.604838,Infinity,0
0.07600021,102.0,3.0,253.0,0.87764305,0.09179428,-0.14156255,0.44486523,Infinity,14.95122,10.750507,10.625,Infinity,0
0.07500076,95.0,5.0,254.0,0.8717754,0.08611781,-0.1319979,0.4602136,Infinity,14.95122,10.750507,10.625,Infinity,0
0.077999115,91.0,6.0,258.0,0.8692581,0.07804466,-0.12528451,0.46822253,Infinity,14.987775,10.708503,10.603622,Infinity,0
0.07600021,87.0,5.0,259.0,0.8669422,0.07599425,-0.12153501,0.47380888,Infinity,14.95122,10.708503,10.625,Infinity,0
0.07600021,84.0,3.0,259.0,0.8656421,0.074602254,-0.120836794,0.4765776,Infinity,14.97561,10.708503,10.625,Infinity,0
0.07600021,81.0,7.0,260.0,0.86589676,0.07448143,-0.12077044,0.4761506,Infinity,14.95122,10.686869,10.604838,Infinity,0
0.07500076,82.0,8.0,253.0,0.86698574,0.07368605,-0.121071145,0.47421244,Infinity,14.95122,10.708503,10.625,Infinity,0
0.075998306,86.0,10.0,256.0,0.8677083,0.070986725,-0.12012785,0.47354186,Infinity,14.914842,10.792684,10.625,Infinity,0
0.07600021,87.0,9.0,256.0,0.8689037,0.06836502,-0.11843317,0.4721608,Infinity,14.914842,11.905781,10.625,Infinity,0
0.07600021,90.0,9.0,255.0,0.869215,0.070500135,-0.11780335,0.4714308,Infinity,14.890511,13.548388,10.625,Infinity,0
0.07600021,81.0,10.0,261.0,0.8689097,0.073196925,-0.119518824,0.4711506,Infinity,14.854369,14.769976,10.625,Infinity,0
0.07500076,75.0,8.0,260.0,0.8688709,0.07198728,-0.12011947,0.4712557,Infinity,14.890511,15.639097,10.625,Infinity,0
0.07600021,87.0,8.0,257.0,0.86969805,0.07177352,-0.11940243,0.46994308,Infinity,14.830097,14.734299,10.625,Infinity,0
0.07600021,82.0,6.0,256.0,0.8702055,0.07104762,-0.119940326,0.46897584,Infinity,14.7941885,14.241706,10.604838,Infinity,0
0.075998306,79.0,6.0,261.0,0.8719822,0.066938005,-0.11822603,0.46671018,Infinity,14.805824,12.309368,10.583501,Infinity,0
0.07500076,78.0,1.0,272.0,0.87473345,0.070973985,-0.12368944,0.45949367,Infinity,14.769976,11.224066,10.625,Infinity,0
0.07600021,90.0,20.0,260.0,0.8763574,0.08139619,-0.1290518,0.4531524,Infinity,14.769976,10.983606,10.604838,Infinity,0
0.07600021,94.0,12.0,251.0,0.8779732,0.08015506,-0.13264202,0.44919258,Infinity,14.710145,10.920246,10.603622,Infinity,0
0.07600021,87.0,7.0,259.0,0.8792133,0.08386356,-0.13414633,0.4456291,Infinity,14.710145,10.877551,10.603622,Infinity,0
0.07600021,77.0,5.0,260.0,0.87982965,0.0830796,-0.13530499,0.444207,Infinity,14.710145,10.83503,10.583501,Infinity,0
0.074998856,90.0,12.0,256.0,0.8810504,0.07771653,-0.13562857,0.4426565,Infinity,14.710145,10.792684,10.603622,Infinity,0
0.07600021,84.0,14.0,251.0,0.88066244,0.07114422,-0.13312383,0.44528612,Infinity,14.710145,10.750507,10.625,Infinity,0
0.07600021,88.0,13.0,255.0,0.88058746,0.0651614,-0.12839714,0.44773135,Infinity,14.710145,10.750507,10.583501,Infinity,0
0.07600021,89.0,10.0,257.0,0.8803927,0.06366,-0.12619442,0.44895512,Infinity,14.685991,11.422594,10.583501,Infinity,0
0.074998856,83.0,6.0,262.0,0.8816524,0.06301999,-0.12556233,0.44674513,Infinity,14.650602,12.53304,10.583501,Infinity,0
0.07600021,81.0,7.0,258.0,0.8815732,0.06421187,-0.12547973,0.44675487,Infinity,14.6747,12.363238,10.583501,Infinity,0
0.07600212,82.0,4.0,257.0,0.8827068,0.06327446,-0.12594666,0.44451314,Infinity,14.6747,12.434211,10.583501,Infinity,0
0.07600021,85.0,7.0,256.0,0.88374,0.0629281,-0.12514745,0.4427319,Infinity,14.650602,11.905781,10.583501,Infinity,0
0.077999115,85.0,3.0,260.0,0.88458186,0.06446037,-0.12432544,0.44105852,Infinity,14.650602,11.288981,10.583501,Infinity,0
0.07500076,82.0,4.0,266.0,0.88558865,0.069647565,-0.13053907,0.43642962,Infinity,14.591346,10.855397,10.583501,Infinity,0
0.07600021,83.0,7.0,258.0,0.88518405,0.07261887,-0.13696535,0.43479383,Infinity,14.626507,10.750507,10.583501,Infinity,0
0.0759964,101.0,27.0,249.0,0.8846307,0.07722949,-0.13755606,0.43493932,Infinity,14.650602,10.708503,10.583501,Infinity,0
0.07600021,86.0,6.0,254.0,0.8838399,0.078541465,-0.13624322,0.43672156,Infinity,14.591346,10.666667,10.583501,Infinity,0
0.07500076,89.0,15.0,255.0,0.8821078,0.07648217,-0.13502745,0.44094613,Infinity,14.615384,10.625,10.583501,Infinity,0
0.07600021,90.0,15.0,252.0,0.87923783,0.07701496,-0.1319964,0.44745484,Infinity,14.615384,10.583501,10.583501,Infinity,0
0.07600021,85.0,8.0,255.0,0.8797001,0.07556367,-0.13104318,0.44707382,Infinity,14.626507,10.583501,10.583501,Infinity,0
0.07600021,88.0,15.0,262.0,0.8798549,0.076850444,-0.13008918,0.44682866,Infinity,14.615384,10.666667,10.563381,Infinity,0
0.07600021,87.0,15.0,258.0,0.8798521,0.07682691,-0.13096833,0.4465812,Infinity,14.626507,10.792684,10.583501,Infinity,0
0.07500076,88.0,13.0,256.0,0.88058704,0.07718569,-0.1320377,0.4447522,Infinity,14.591346,10.77079,10.583501,Infinity,0
0.07600021,85.0,15.0,255.0,0.88007754,0.07816967,-0.13223545,0.44552925,Infinity,14.615384,10.920246,10.562249,Infinity,0
0.07600021,87.0,12.0,255.0,0.8801449,0.07658548,-0.13114275,0.4459944,Infinity,14.591346,11.491596,10.583501,Infinity,0
0.07600021,87.0,14.0,257.0,0.8804291,0.07701793,-0.13012375,0.44565704,Infinity,14.591346,11.136364,10.583501,Infinity,0
0.07499695,82.0,9.0,262.0,0.87953293,0.08029528,-0.13388155,0.44573516,Infinity,14.615384,12.265796,10.563381,Infinity,0
0.07600021,84.0,8.0,263.0,0.8783925,0.087283924,-0.13962199,0.4449081,Infinity,14.591346,15.678391,10.583501,Infinity,0
0.07600021,89.0,16.0,249.0,0.8794863,0.08143365,-0.13978834,0.4438029,Infinity,14.591346,16.459948,10.583501,Infinity,0
0.07600021,92.0,16.0,247.0,0.8813833,0.07194505,-0.13382344,0.44351763,Infinity,14.591346,13.272728,10.583501,Infinity,0
0.07600021,83.0,8.0,275.0,0.8817243,0.0721643,-0.13167082,0.44344908,Infinity,14.591346,11.582278,10.583501,Infinity,0
0.07500076,91.0,15.0,258.0,0.88121676,0.07499166,-0.13284643,0.443638,Infinity,14.591346,11.356994,10.563381,Infinity,0
0.07600021,84.0,9.0,256.0,0.8813526,0.07455332,-0.13429432,0.4430058,Infinity,14.591346,11.092783,10.583501,Infinity,0
0.07600021,87.0,15.0,256.0,0.8812911,0.07389777,-0.13496634,0.44303367,Infinity,14.591346,10.983606,10.583501,Infinity,0
0.07600021,88.0,14.0,253.0,0.8814407,0.06950899,-0.1347641,0.44350752,Infinity,14.556355,10.920246,10.563381,Infinity,0
0.07500076,87.0,11.0,255.0,0.88108456,0.06947755,-0.13477524,0.44421622,Infinity,14.591346,11.791044,10.583501,Infinity,0
0.07600021,89.0,11.0,257.0,0.8810436,0.071053416,-0.13591836,0.44369975,Infinity,14.556355,15.768262,10.583501,Infinity,0
0.07600021,90.0,15.0,254.0,0.881344,0.07070781,-0.13658877,0.44295183,Infinity,14.591346,17.64865,10.562249,Infinity,0
0.0759964,93.0,13.0,265.0,0.8812237,0.07012699,-0.13486952,0.44380972,Infinity,14.532374,16.434109,10.583501,Infinity,0
0.07500076,88.0,10.0,259.0,0.8809948,0.072163515,-0.13480562,0.4439569,Infinity,14.532374,16.23077,10.583501,Infinity,0
0.07600021,98.0,16.0,245.0,0.8830781,0.06540687,-0.13005784,0.4422775,Infinity,14.532374,12.988764,10.562249,Infinity,0
0.07600021,84.0,12.0,266.0,0.8829145,0.06765547,-0.12963444,0.44239047,Infinity,14.567307,11.673728,10.583501,Infinity,0
0.077999115,85.0,10.0,261.0,0.88247025,0.07144371,-0.1306266,0.4423893,Infinity,14.532374,11.356994,10.583501,Infinity,0
0.07600021,89.0,13.0,253.0,0.88258713,0.07073832,-0.13142748,0.44203216,Infinity,14.567307,11.224066,10.563381,Infinity,0
0.07500076,86.0,11.0,258.0,0.8834526,0.069629006,-0.13262843,0.44011664,Infinity,14.532374,11.180124,10.583501,Infinity,0
0.07600021,87.0,9.0,256.0,0.8869195,0.0654914,-0.13272886,0.43370166,Infinity,14.532374,11.092783,10.562249,Infinity,0
0.07600021,91.0,-13.0,258.0,0.9053372,0.039686732,-0.14626463,0.39244983,Infinity,14.532374,11.06996,10.563381,Infinity,0
0.07600021,84.0,-22.0,274.0,0.9311311,0.011852692,-0.15643866,0.32423875,Infinity,14.591346,11.049383,10.562249,Infinity,0
0.07600021,54.0,-32.0,269.0,0.9585454,0.008712296,-0.13539858,0.24413465,Infinity,14.591346,11.00616,10.562249,Infinity,0
0.07500076,50.0,-34.0,247.0,0.98447216,-0.004491473,-0.10230007,0.13211101,Infinity,14.615384,11.00616,10.542169,Infinity,0
0.07600021,34.0,17.0,265.0,0.99429226,-0.015522002,-0.073407814,0.050901733,Infinity,14.591346,10.985626,10.562249,Infinity,0
0.07600021,4.0,9.0,304.0,0.99362177,-0.00973606,-0.09594125,0.006120646,Infinity,14.556355,10.963115,10.542169,Infinity,0
0.07600021,49.0,-5.0,272.0,0.988946,-0.0083270855,-0.1319584,-0.033528592,Infinity,14.615384,10.963115,10.563381,Infinity,0
0.07499695,69.0,-12.0,279.0,0.9794872,-0.024018962,-0.17285858,-0.0825544,Infinity,14.650602,10.963115,10.583501,Infinity,0
0.07600021,94.0,-37.0,260.0,0.96768993,-0.019490752,-0.2057486,-0.13229197,Infinity,14.591346,10.920246,10.583501,Infinity,0
0.07600021,112.0,-10.0,236.0,0.9552676,-0.0010075162,-0.23573299,-0.16886058,Infinity,14.591346,10.89796,10.583501,Infinity,0
0.07600021,123.0,19.0,238.0,0.937285,0.01201233,-0.27802807,-0.20167337,Infinity,14.532374,10.877551,10.625,Infinity,0
0.07600021,137.0,38.0,232.0,0.91885877,0.016998665,-0.3114851,-0.23453893,Infinity,14.497608,10.83503,10.646465,Infinity,0
0.07500076,135.0,64.0,217.0,0.9077113,0.031334903,-0.32289788,-0.25969514,Infinity,14.473684,10.792684,10.625,Infinity,0
0.07600021,147.0,81.0,228.0,0.8962069,0.039522044,-0.34922028,-0.2644301,Infinity,14.591346,10.792684,10.666667,Infinity,0
0.07600021,158.0,70.0,220.0,0.8863483,0.03446193,-0.37820318,-0.25843373,Infinity,15.012225,10.792684,10.666667,Infinity,0
0.07600021,186.0,60.0,204.0,0.87755793,0.022065321,-0.4004541,-0.25626037,Infinity,15.259258,10.750507,10.666667,Infinity,0
0.07500076,204.0,70.0,180.0,0.87440085,0.012244296,-0.41122973,-0.25058365,Infinity,17.54717,10.708503,10.666667,Infinity,0
0.0759964,190.0,63.0,190.0,0.86805105,0.004422352,-0.42685264,-0.24676593,Infinity,14.591346,10.686869,10.625,Infinity,0
0.07600021,173.0,41.0,202.0,0.8608313,0.008961877,-0.4466745,-0.23664108,Infinity,14.508392,10.666667,10.646465,Infinity,0
0.07600021,198.0,34.0,168.0,0.8569541,0.010757864,-0.45806453,-0.22873507,Infinity,14.473684,10.666667,10.666667,Infinity,0
0.07500076,223.0,46.0,150.0,0.8566207,-0.0057350025,-0.45622703,-0.2337809,Infinity,14.473684,10.666667,10.646465,Infinity,0
0.07600021,218.0,40.0,152.0,0.8576343,-0.011368684,-0.44443905,-0.25186595,Infinity,14.497608,10.625,10.666667,Infinity,0
0.07600021,206.0,46.0,172.0,0.85645074,-0.011306383,-0.4305933,-0.2785332,Infinity,14.43914,10.625,10.666667,Infinity,0
0.07600021,187.0,41.0,192.0,0.8511755,0.0069913194,-0.42541018,-0.30183512,Infinity,14.44976,10.625,10.625,Infinity,0
0.07600021,193.0,61.0,192.0,0.8529763,0.0072107166,-0.40666494,-0.32191682,Infinity,14.415275,10.666667,10.666667,Infinity,0
0.076999664,171.0,54.0,210.0,0.8495608,0.008828076,-0.40308672,-0.33513987,Infinity,14.43914,12.095033,10.666667,Infinity,0
0.07600021,185.0,54.0,193.0,0.84495264,0.014145102,-0.4069243,-0.34190205,Infinity,14.415275,12.8125,10.666667,Infinity,0
0.07600021,179.0,82.0,191.0,0.84422636,0.007821458,-0.40627003,-0.3446664,Infinity,14.357142,12.53304,10.666667,Infinity,0
0.07600021,174.0,79.0,197.0,0.84947383,-6.809274E-5,-0.40098438,-0.33798626,Infinity,14.357142,11.268191,10.666667,Infinity,0
0.07600021,182.0,64.0,206.0,0.8512835,-0.0059702317,-0.40898097,-0.32348752,Infinity,14.241706,10.877551,10.666667,Infinity,0
0.07500076,199.0,52.0,186.0,0.8526532,-0.003211807,-0.4199081,-0.3054137,Infinity,14.299288,10.792684,10.666667,Infinity,0
0.07600021,190.0,54.0,195.0,0.84850496,-0.005755463,-0.4423999,-0.28445593,Infinity,14.241706,10.708503,10.708503,Infinity,0
0.0759964,205.0,41.0,176.0,0.8461731,0.0010080343,-0.45601648,-0.26956892,Infinity,14.21801,10.666667,10.666667,Infinity,0
0.07600021,211.0,36.0,159.0,0.8457089,0.0034674273,-0.45824617,-0.2672159,Infinity,14.208038,10.666667,10.708503,Infinity,0
0.07500076,210.0,58.0,159.0,0.8461393,0.0032281927,-0.459203,-0.26419687,Infinity,14.184398,10.625,10.666667,Infinity,0
0.07600021,209.0,57.0,170.0,0.8470399,-0.0075678523,-0.45270896,-0.27230465,Infinity,14.184398,10.603622,10.688259,Infinity,0
0.07600021,207.0,55.0,176.0,0.84208846,-0.009573808,-0.45080468,-0.29017064,Infinity,14.184398,10.562249,10.688259,Infinity,0
0.07600021,212.0,55.0,173.0,0.8315508,-0.0055168057,-0.45847735,-0.30809003,Infinity,14.184398,11.336117,10.666667,Infinity,0
0.07600021,202.0,72.0,164.0,0.8274076,-0.002870538,-0.45831776,-0.3193154,Infinity,14.184398,13.018018,10.708503,Infinity,0
0.07500076,204.0,77.0,168.0,0.82360387,-0.0023241988,-0.4617627,-0.32415438,Infinity,14.184398,14.184398,10.708503,Infinity,0
0.07600021,198.0,85.0,168.0,0.8242184,-0.007947822,-0.46031314,-0.32456464,Infinity,14.184398,14.769976,10.728745,Infinity,0
0.07600021,204.0,66.0,167.0,0.8252333,-0.008602402,-0.45736966,-0.3261265,Infinity,14.184398,14.241706,10.708503,Infinity,0
0.07600021,199.0,64.0,162.0,0.82793176,-0.008206199,-0.4536333,-0.32451198,Infinity,14.127358,14.127358,10.708503,Infinity,0
0.07499695,206.0,69.0,157.0,0.8398881,-0.01826097,-0.43205112,-0.3228217,Infinity,14.127358,11.905781,10.708503,Infinity,0
0.07600021,204.0,62.0,184.0,0.84284353,-0.02111824,-0.43226314,-0.31455812,Infinity,14.103774,11.06996,10.708503,Infinity,0
0.07600021,203.0,61.0,183.0,0.8426013,-0.017915854,-0.4372115,-0.3085087,Infinity,14.0375595,10.877551,10.708503,Infinity,0
0.07600021,200.0,55.0,177.0,0.8434641,-0.013787554,-0.43929198,-0.30336502,Infinity,14.0375595,10.792684,10.708503,Infinity,0
0.07500076,208.0,66.0,166.0,0.845052,-0.014069406,-0.4393224,-0.2988554,Infinity,14.0375595,10.750507,10.728745,Infinity,0
0.07600021,210.0,64.0,172.0,0.84254587,-0.014633618,-0.44539726,-0.29690585,Infinity,14.070588,10.708503,10.708503,Infinity,0
0.07600021,202.0,61.0,165.0,0.8408581,-0.013626851,-0.44787958,-0.29800233,Infinity,14.070588,10.708503,10.708503,Infinity,0
0.07600021,194.0,45.0,174.0,0.8395563,-0.013888264,-0.4472581,-0.3025593,Infinity,14.070588,10.645162,10.708503,Infinity,0
0.07600021,208.0,56.0,163.0,0.83814764,-0.008885461,-0.4460267,-0.3084139,Infinity,14.070588,10.625,10.708503,Infinity,0
0.07500076,207.0,71.0,165.0,0.8340526,-0.011445044,-0.441797,-0.3250684,Infinity,14.0375595,10.625,10.708503,Infinity,0
0.07600021,189.0,87.0,180.0,0.8307104,-0.008039755,-0.4381086,-0.3384456,Infinity,14.070588,13.378996,10.708503,Infinity,0
0.07600021,199.0,90.0,169.0,0.8304757,-0.005516918,-0.43549737,-0.3424198,Infinity,14.070588,10.688259,10.730224,Infinity,0
0.0759964,207.0,77.0,160.0,0.8280478,-0.004288111,-0.44042552,-0.3420138,Infinity,14.070588,13.018018,10.728745,Infinity,0
0.07500076,202.0,86.0,160.0,0.82839435,-0.0076806475,-0.43892345,-0.34304476,Infinity,14.127358,14.184398,10.728745,Infinity,0
0.07600021,196.0,84.0,161.0,0.8323553,-0.0064298892,-0.4325258,-0.3416053,Infinity,14.070588,14.184398,10.750507,Infinity,0
0.07600021,201.0,88.0,167.0,0.8407758,-0.014040577,-0.4197542,-0.3366511,Infinity,14.070588,12.582781,10.730224,Infinity,0
0.07600021,195.0,67.0,185.0,0.8434534,-0.0118250735,-0.41989475,-0.32979453,Infinity,14.014084,11.092783,10.750507,Infinity,0
0.077999115,195.0,67.0,187.0,0.84075576,-0.009292153,-0.4293351,-0.3245674,Infinity,14.014084,10.920246,10.728745,Infinity,0
0.07500076,203.0,73.0,159.0,0.8404835,-0.0061255908,-0.4337409,-0.31945002,Infinity,14.014084,10.877551,10.750507,Infinity,0
0.07600021,198.0,69.0,170.0,0.84011734,-0.0021264865,-0.4394724,-0.31255642,Infinity,14.014084,10.877551,10.750507,Infinity,0
0.07600021,196.0,71.0,162.0,0.8413603,-0.0042928825,-0.43662432,-0.3131826,Infinity,13.981265,10.83503,10.750507,Infinity,0
0.07600021,200.0,71.0,170.0,0.8422131,-0.0047602565,-0.43408415,-0.31441215,Infinity,13.990611,10.792684,10.750507,Infinity,0
0.07600021,202.0,72.0,165.0,0.8430534,-0.00358827,-0.43078572,-0.31670368,Infinity,14.014084,10.792684,10.750507,Infinity,0
0.07500076,207.0,69.0,162.0,0.8443873,-0.011781396,-0.42230558,-0.32428113,Infinity,13.981265,10.772358,10.750507,Infinity,0
0.07600021,202.0,107.0,166.0,0.8485345,-0.023152974,-0.41180828,-0.32633716,Infinity,14.014084,11.719746,10.750507,Infinity,0
0.07600021,199.0,85.0,177.0,0.84876305,-0.023487795,-0.41119364,-0.32649523,Infinity,14.014084,12.834822,10.728745,Infinity,0
0.07600021,192.0,69.0,174.0,0.85291535,-0.021138199,-0.40544575,-0.32300436,Infinity,13.990611,12.555066,10.750507,Infinity,0
0.07499695,195.0,78.0,166.0,0.863654,-0.024482613,-0.38586667,-0.31817788,Infinity,13.981265,11.224066,10.750507,Infinity,0
0.07600021,205.0,84.0,157.0,0.8851689,-0.01900543,-0.34180364,-0.3096888,Infinity,14.014084,10.920246,10.750507,Infinity,0
0.07600021,156.0,52.0,200.0,0.9251216,0.0051498357,-0.24506228,-0.2847513,Infinity,14.127358,10.855397,10.708503,Infinity,0
0.07600021,99.0,95.0,279.0,0.9500102,0.0539037,-0.21986021,-0.2077377,Infinity,14.184398,10.792684,10.728745,Infinity,0
0.07500076,109.0,67.0,273.0,0.95409954,0.07043624,-0.24541378,-0.14561619,Infinity,14.241706,10.728745,10.708503,Infinity,0
0.07600021,153.0,42.0,218.0,0.9516787,0.074283384,-0.26857796,-0.115241006,Infinity,14.299288,10.708503,10.708503,Infinity,0
0.07600021,153.0,64.0,220.0,0.9442246,0.080992006,-0.2971702,-0.100977466,Infinity,14.299288,10.686869,10.708503,Infinity,0
0.07600021,161.0,72.0,200.0,0.9350074,0.08543064,-0.32791963,-0.086934,Infinity,14.357142,10.708503,10.708503,Infinity,0
0.07600021,174.0,56.0,189.0,0.9266023,0.103971384,-0.35090053,-0.06397071,Infinity,14.357142,10.666667,10.708503,Infinity,0
0.07500076,197.0,67.0,171.0,0.9265765,0.110052764,-0.35202202,-0.045314502,Infinity,14.415275,10.666667,10.708503,Infinity,0
0.07600021,196.0,77.0,178.0,0.92535037,0.1213394,-0.35386598,-0.020242289,Infinity,14.415275,10.666667,10.708503,Infinity,0
0.0759964,196.0,65.0,183.0,0.9230232,0.13826697,-0.35430363,0.0025841552,Infinity,14.415275,10.625,10.686869,Infinity,0
0.07600021,191.0,87.0,187.0,0.92194915,0.13937572,-0.35633522,0.015446028,Infinity,14.415275,10.645162,10.688259,Infinity,0
0.07500076,193.0,70.0,182.0,0.92082167,0.14565271,-0.35585254,0.029505773,Infinity,14.415275,10.625,10.708503,Infinity,0
0.07600021,195.0,69.0,176.0,0.9202591,0.14722998,-0.35518873,0.04377793,Infinity,14.415275,10.625,10.688259,Infinity,0
0.07600021,196.0,78.0,178.0,0.9184703,0.15202501,-0.355805,0.05772827,Infinity,14.391408,10.625,10.688259,Infinity,0
0.07600021,189.0,55.0,180.0,0.9156055,0.17156358,-0.34888765,0.08447672,Infinity,14.415275,10.603622,10.686869,Infinity,0
0.07600021,193.0,72.0,180.0,0.9151836,0.17270455,-0.34419653,0.103775576,Infinity,14.415275,10.583501,10.708503,Infinity,0
0.07500076,190.0,64.0,182.0,0.91540986,0.17102148,-0.3395749,0.11871897,Infinity,14.415275,10.604838,10.666667,Infinity,0
0.07600021,194.0,63.0,187.0,0.9150752,0.17144169,-0.33550158,0.13157852,Infinity,14.380952,10.604838,10.708503,Infinity,0
0.07600021,194.0,64.0,181.0,0.91504943,0.17521022,-0.32488188,0.15187442,Infinity,14.357142,10.583501,10.666667,Infinity,0
0.077999115,188.0,60.0,188.0,0.91610307,0.16680391,-0.3186369,0.16742374,Infinity,14.357142,10.604838,10.686869,Infinity,0
0.07600021,173.0,43.0,206.0,0.9154035,0.1669893,-0.3127626,0.18154734,Infinity,14.357142,10.583501,10.688259,Infinity,0
0.07500076,182.0,48.0,198.0,0.9154584,0.16312324,-0.3062739,0.19532534,Infinity,14.357142,10.583501,10.686869,Infinity,0
0.07600021,188.0,51.0,194.0,0.9149512,0.16296613,-0.2987929,0.20894507,Infinity,14.357142,10.583501,10.688259,Infinity,0
0.07600021,186.0,51.0,195.0,0.9132589,0.1626791,-0.29749045,0.21822536,Infinity,14.357142,10.625,10.686869,Infinity,0
0.0759964,178.0,38.0,203.0,0.9124059,0.16224974,-0.29539442,0.22486015,Infinity,14.357142,10.666667,10.686869,Infinity,0
0.07500076,180.0,42.0,207.0,0.912836,0.15792805,-0.29498276,0.22672427,Infinity,14.357142,10.646465,10.666667,Infinity,0
0.07600021,180.0,47.0,202.0,0.91194034,0.16152324,-0.29154116,0.23218171,Infinity,14.357142,10.688259,10.666667,Infinity,0
0.07600021,180.0,42.0,200.0,0.91108346,0.16261435,-0.2905521,0.23599267,Infinity,14.357142,10.708503,10.686869,Infinity,0
0.07600021,179.0,42.0,204.0,0.91047704,0.16059177,-0.28956383,0.24088211,Infinity,14.357142,10.792684,10.666667,Infinity,0
0.07500076,180.0,35.0,208.0,0.90972614,0.1596856,-0.28965664,0.24418728,Infinity,14.357142,12.885905,10.666667,Infinity,0
0.07600021,172.0,34.0,199.0,0.9117805,0.15442361,-0.2859539,0.24427345,Infinity,14.299288,16.710182,10.688259,Infinity,0
0.07600021,177.0,36.0,211.0,0.91163707,0.15564819,-0.2873004,0.24244517,Infinity,14.357142,19.709303,10.666667,Infinity,0
0.07600021,175.0,38.0,203.0,0.9109157,0.15643153,-0.28945348,0.24209104,Infinity,14.333333,19.94152,10.666667,Infinity,0
0.07600021,163.0,36.0,210.0,0.90969527,0.15892714,-0.29331163,0.24040496,Infinity,14.357142,20.537315,10.666667,Infinity,0
0.07499695,174.0,43.0,196.0,0.9101928,0.15852773,-0.29113483,0.24142963,Infinity,14.357142,17.826088,10.666667,Infinity,0
0.07600021,173.0,36.0,212.0,0.91042966,0.16033053,-0.2916012,0.23876812,Infinity,14.357142,13.5172415,10.666667,Infinity,0
0.07600021,166.0,37.0,211.0,0.9099712,0.16457172,-0.29803053,0.22951151,Infinity,14.357142,12.047414,10.666667,Infinity,0
0.07600021,185.0,50.0,209.0,0.90906906,0.17530677,-0.30279228,0.21864733,Infinity,14.299288,11.536842,10.666667,Infinity,0
0.07500076,180.0,39.0,201.0,0.9092138,0.18298079,-0.31539217,0.1923621,Infinity,14.299288,11.356994,10.666667,Infinity,0
0.07600021,174.0,49.0,205.0,0.91056544,0.18713172,-0.34672898,0.11154246,Infinity,14.43914,11.268191,10.645162,Infinity,0
0.07600021,178.0,92.0,183.0,0.9092856,0.19639523,-0.35673636,0.06315989,Infinity,14.508392,11.180124,10.666667,Infinity,0
0.07600021,184.0,92.0,175.0,0.9075509,0.1862852,-0.37032202,0.033720654,Infinity,14.532374,11.15942,10.646465,Infinity,0
0.07600021,193.0,88.0,169.0,0.9053211,0.18798393,-0.37480664,0.034716845,Infinity,14.532374,11.136364,10.645162,Infinity,0
0.07500076,198.0,89.0,170.0,0.9040323,0.18585177,-0.37857,0.038717266,Infinity,14.532374,11.092783,10.646465,Infinity,0
0.07600021,198.0,75.0,167.0,0.9030991,0.19240218,-0.37616628,0.050213676,Infinity,14.532374,11.072165,10.625,Infinity,0
0.07600021,190.0,80.0,181.0,0.90413713,0.18657176,-0.3764205,0.051614624,Infinity,14.497608,11.049383,10.625,Infinity,0
0.07600021,192.0,83.0,177.0,0.9052085,0.18813482,-0.37202814,0.058543347,Infinity,14.532374,11.00616,10.646465,Infinity,0
0.07499695,193.0,79.0,177.0,0.9059593,0.18817636,-0.36860842,0.06770768,Infinity,14.497608,11.00616,10.645162,Infinity,0
0.07600021,191.0,74.0,179.0,0.905898,0.19274572,-0.3640556,0.07931342,Infinity,14.473684,10.985626,10.645162,Infinity,0
0.07600021,190.0,77.0,183.0,0.9059483,0.19655915,-0.35842395,0.09371918,Infinity,14.473684,10.963115,10.625,Infinity,0
0.07600021,189.0,78.0,181.0,0.9057453,0.20654088,-0.34848973,0.11022439,Infinity,14.532374,10.963115,10.645162,Infinity,0
0.07600021,188.0,76.0,183.0,0.90601426,0.2013344,-0.34804416,0.11873237,Infinity,14.473684,10.963115,10.625,Infinity,0
0.07500076,184.0,70.0,189.0,0.90538937,0.2054653,-0.34568065,0.12324199,Infinity,14.532374,10.940695,10.625,Infinity,0
0.07600021,188.0,75.0,184.0,0.9051395,0.20751734,-0.34416127,0.12586324,Infinity,14.473684,10.940695,10.646465,Infinity,0
0.07600021,184.0,76.0,186.0,0.9048083,0.20840105,-0.3439814,0.12726954,Infinity,14.473684,11.180124,10.625,Infinity,0
0.07600021,192.0,76.0,181.0,0.9054176,0.20702104,-0.34310412,0.12755582,Infinity,14.473684,13.548388,10.625,Infinity,0
0.07500076,187.0,83.0,186.0,0.906587,0.2041923,-0.34117812,0.12896754,Infinity,14.473684,15.639097,10.625,Infinity,0
0.077999115,190.0,81.0,189.0,0.90675205,0.20307942,-0.34118453,0.12954582,Infinity,14.473684,15.858585,10.625,Infinity,0
0.07600021,180.0,76.0,185.0,0.9071409,0.20380038,-0.3386638,0.13227707,Infinity,14.473684,16.640625,10.646465,Infinity,0
0.07600021,190.0,73.0,189.0,0.90835375,0.20224653,-0.336065,0.13296504,Infinity,14.532374,18.076923,10.625,Infinity,0
0.07600021,183.0,80.0,188.0,0.90946335,0.199689,-0.334891,0.13220532,Infinity,14.615384,19.566475,10.625,Infinity,0
0.07499695,181.0,82.0,191.0,0.90943724,0.19864269,-0.33571878,0.13186122,Infinity,14.650602,19.970675,10.646465,Infinity,0
0.07600021,178.0,70.0,187.0,0.9094862,0.20074631,-0.33424255,0.13208842,Infinity,14.769976,20.936556,10.625,Infinity,0
0.07600021,180.0,74.0,185.0,0.9110298,0.19834898,-0.33134952,0.13236086,Infinity,14.7941885,20.876133,10.625,Infinity,0
0.07600021,181.0,78.0,189.0,0.9158708,0.19119363,-0.32407212,0.12740523,Infinity,14.86618,21.0,10.625,Infinity,0
0.07500076,171.0,69.0,190.0,0.9265096,0.17124568,-0.3107604,0.110949405,Infinity,15.04902,21.219511,10.625,Infinity,0
0.07600021,181.0,78.0,194.0,0.9435625,0.13872933,-0.2776081,0.099997625,Infinity,15.197044,21.476921,10.625,Infinity,0
0.07600021,153.0,63.0,227.0,0.95232767,0.11713093,-0.26062918,0.0897309,Infinity,15.321781,20.876133,10.625,Infinity,0
0.07600021,134.0,68.0,233.0,0.95943415,0.0982296,-0.24195498,0.089006156,Infinity,15.422886,19.1453,10.625,Infinity,0
0.07600021,136.0,43.0,231.0,0.96711093,0.07536735,-0.21734993,0.091658086,Infinity,15.384616,15.511222,10.625,Infinity,0
0.07500076,125.0,38.0,246.0,0.9713962,0.05780134,-0.20229462,0.09355841,Infinity,15.321781,13.409611,10.625,Infinity,0
0.07600021,116.0,31.0,248.0,0.974535,0.045989785,-0.19025472,0.092728555,Infinity,15.29703,12.632743,10.625,Infinity,0
0.0759964,105.0,24.0,248.0,0.9773103,0.03817176,-0.17459673,0.097734846,Infinity,15.272278,12.239131,10.625,Infinity,0
0.07600021,95.0,14.0,253.0,0.981226,0.015570013,-0.15309887,0.10070009,Infinity,15.221674,11.93133,10.625,Infinity,0
0.07500076,84.0,1.0,263.0,0.9842463,-0.0040324028,-0.13228115,0.101842195,Infinity,15.234568,11.694916,10.625,Infinity,0
0.07600021,70.0,0.0,266.0,0.98609406,-0.014821656,-0.12004755,0.0980622,Infinity,15.197044,11.536842,10.625,Infinity,0
0.07600021,61.0,-5.0,269.0,0.9870987,-0.019712867,-0.113357134,0.095010705,Infinity,15.197044,11.401673,10.625,Infinity,0
0.07400131,66.0,0.0,263.0,0.98695767,-0.026207378,-0.11274529,0.09563331,Infinity,15.172414,11.3125,10.603622,Infinity,0
0.07600021,66.0,-2.0,264.0,0.9863736,-0.040047333,-0.1155354,0.093509234,Infinity,15.135136,11.291667,10.625,Infinity,0
0.07500076,66.0,-23.0,260.0,0.9863235,-0.046796788,-0.11027607,0.097182944,Infinity,15.135136,11.224066,10.625,Infinity,0
0.0759964,58.0,-13.0,267.0,0.9856639,-0.057568174,-0.11052225,0.09780911,Infinity,15.135136,11.224066,10.625,Infinity,0
0.07600021,63.0,-31.0,262.0,0.98532635,-0.057936564,-0.111143366,0.1002605,Infinity,15.135136,11.200829,10.625,Infinity,0
0.07600021,61.0,-20.0,263.0,0.9850162,-0.060354967,-0.114751674,0.09778569,Infinity,15.135136,11.180124,10.625,Infinity,0
0.07500076,58.0,-21.0,263.0,0.98525363,-0.055573463,-0.11637381,0.09629886,Infinity,15.135136,11.180124,10.625,Infinity,0
0.07600021,63.0,-23.0,261.0,0.9850623,-0.056446347,-0.11804516,0.095713265,Infinity,15.098039,11.136364,10.625,Infinity,0
0.07600021,73.0,-31.0,255.0,0.98427224,-0.062201228,-0.12145707,0.09600368,Infinity,15.110565,11.113401,10.625,Infinity,0
0.07600021,64.0,-19.0,264.0,0.98462397,-0.056624185,-0.12024791,0.09736117,Infinity,15.135136,11.136364,10.603622,Infinity,0
0.07500076,66.0,-29.0,264.0,0.98486024,-0.054890357,-0.11915306,0.09731176,Infinity,15.073529,11.113401,10.625,Infinity,0
0.07600021,65.0,-28.0,259.0,0.9847905,-0.05277264,-0.12069617,0.09728703,Infinity,15.073529,11.092783,10.604838,Infinity,0
0.07600021,69.0,-22.0,259.0,0.98491955,-0.05045308,-0.11979381,0.0983209,Infinity,15.073529,11.092783,10.603622,Infinity,0
0.07600021,63.0,-20.0,271.0,0.98468184,-0.050502367,-0.12078889,0.09945228,Infinity,15.012225,11.06996,10.625,Infin