1.91,-7.0,41.0,255.0,0.9981161,-0.013868835,0.0069344174,-0.012713098,Infinity,10.686869,12.336245,11.927195,Infinity,1
0.075999975,-5.0,45.0,257.0,0.99811184,-0.012154741,0.006263076,-0.014673504,Infinity,10.688259,12.38512,11.95279,Infinity,0
0.076000094,-9.0,48.0,263.0,0.9981187,-0.009961559,0.0052671963,-0.016179353,Infinity,10.626263,12.38512,11.974249,Infinity,0
0.075999975,-9.0,48.0,258.0,0.9981619,-0.0037565948,0.006098078,-0.015848545,Infinity,10.666667,12.38512,11.974249,Infinity,0
0.07500005,-8.0,46.0,258.0,0.9981786,0.0018414289,0.0057816748,-0.01523648,Infinity,10.666667,12.38512,11.974249,Infinity,0
0.075999975,-6.0,41.0,255.0,0.9981586,0.0071436143,0.005747239,-0.014996476,Infinity,10.686869,12.407002,12.0,Infinity,0
0.075999975,-10.0,46.0,259.0,0.998119,0.01206553,0.0063753445,-0.014205219,Infinity,10.708503,12.38512,11.974249,Infinity,0
0.075999975,-7.0,42.0,257.0,0.9980726,0.016255736,0.0063206498,-0.013279947,Infinity,10.708503,12.38512,11.978495,Infinity,0
0.07500005,-12.0,47.0,264.0,0.9980585,0.017426988,0.0052414993,-0.013327993,Infinity,10.709939,12.38512,12.021505,Infinity,0
0.07800007,-8.0,46.0,257.0,0.99799246,0.02107551,0.0050955876,-0.01305143,Infinity,10.645162,12.358079,12.0,Infinity,1
0.075999975,-10.0,44.0,260.0,0.99796283,0.022739716,0.004524908,-0.012740731,Infinity,10.686869,12.363238,12.0,Infinity,0
0.075999975,-9.0,51.0,259.0,0.99794316,0.023737196,0.0043813596,-0.012507302,Infinity,10.686869,12.363238,11.974249,Infinity,0
0.075999975,-5.0,50.0,255.0,0.99793977,0.023945278,0.0033613874,-0.012692778,Infinity,10.708503,12.358079,11.95279,Infinity,0
0.07500005,-9.0,51.0,262.0,0.9979166,0.024528652,0.003929428,-0.013230701,Infinity,10.688259,12.407002,11.978495,Infinity,0
0.075999975,-7.0,48.0,259.0,0.99785554,0.027257305,0.0040098783,-0.012447058,Infinity,10.666667,12.38512,11.974249,Infinity,0
0.075999975,-8.0,52.0,257.0,0.99780285,0.029099751,0.005311232,-0.012001418,Infinity,10.666667,12.38512,11.9957075,Infinity,0
0.075999975,-7.0,52.0,261.0,0.9977796,0.030397953,0.0030252917,-0.011504029,Infinity,10.686869,12.38512,12.0,Infinity,0
0.075999975,-6.0,38.0,261.0,0.9975929,0.03637788,0.0029846502,-0.010281433,Infinity,10.728745,12.434211,12.0,Infinity,0
0.07500005,-12.0,51.0,275.0,0.99721336,0.035792302,-0.029007083,-0.00834541,Infinity,11.515789,12.582781,12.265796,Infinity,0
0.075999975,16.0,40.0,257.0,0.9956772,0.023775266,-0.067775905,-0.009647921,Infinity,17.723577,16.23077,17.696478,Infinity,0
0.075999975,33.0,22.0,260.0,0.99404347,0.01308002,-0.09067548,-0.010586805,Infinity,20.47619,19.53757,21.54321,Infinity,0
0.075999975,43.0,15.0,241.0,0.9931839,0.019896565,-0.097779594,-0.01607424,Infinity,22.138365,21.349693,23.953487,Infinity,0
0.07500005,51.0,27.0,245.0,0.99304134,0.023057804,-0.097759895,-0.020243164,Infinity,22.926044,22.861736,25.154638,Infinity,0
0.075999975,53.0,24.0,256.0,0.9931136,0.02010572,-0.097147256,-0.02265663,Infinity,23.13916,23.841059,26.021128,Infinity,0
0.075999975,38.0,26.0,265.0,0.9935548,0.017677687,-0.092432044,-0.02494487,Infinity,23.355047,24.410774,26.14841,Infinity,0
0.075999975,35.0,28.0,265.0,0.99330306,0.01497861,-0.095686816,-0.024460869,Infinity,23.0,23.322475,25.397923,Infinity,0
0.075999975,36.0,29.0,236.0,0.995335,0.017336788,-0.07287789,-0.01801307,Infinity,21.770187,19.652174,22.476192,Infinity,0
0.07500005,33.0,18.0,244.0,0.99744654,0.02930982,-0.028970744,-0.004980735,Infinity,16.37532,16.614584,17.426273,Infinity,0
0.075999975,-7.0,44.0,288.0,0.9971021,0.04885478,-0.0049228,-0.0017558397,Infinity,12.555066,14.854369,14.854369,Infinity,0
0.07600021,0.0,36.0,255.0,0.9967958,0.054420818,0.007947218,-0.001549205,Infinity,11.512605,14.184398,13.25,Infinity,0
0.07599974,-7.0,42.0,261.0,0.9968427,0.053689092,0.007133584,-9.253924E-4,Infinity,11.356994,13.901869,12.777778,Infinity,0
0.075000286,-6.0,51.0,258.0,0.9970092,0.050256845,0.008066417,-0.0033526418,Infinity,11.244813,13.767442,12.660753,Infinity,0
0.07599974,-10.0,50.0,260.0,0.9969592,0.051205426,0.0075187413,-0.0048332405,Infinity,11.268191,13.657408,12.632743,Infinity,0
0.07600021,-6.0,45.0,257.0,0.9967452,0.055072557,0.0091742575,-0.0033646685,Infinity,11.244813,13.602772,12.555066,Infinity,0
0.07599974,-3.0,44.0,255.0,0.9964164,0.060705952,0.009928607,1.4005473E-4,Infinity,11.224066,13.571428,12.53304,Infinity,0
0.07800007,-6.0,60.0,257.0,0.9964183,0.059889805,0.012111976,0.006836007,Infinity,11.221532,13.5172415,12.53304,Infinity,0
0.075000286,-6.0,54.0,262.0,0.9961549,0.062087484,0.01373159,0.016166285,Infinity,11.224066,13.494253,12.483517,Infinity,0
0.07599974,-1.0,41.0,244.0,0.99465555,0.07497674,0.016904356,0.03716239,Infinity,11.157025,13.463303,12.505494,Infinity,0
0.07600021,-14.0,50.0,260.0,0.993723,0.072801664,0.019748129,0.05876131,Infinity,11.157025,13.440367,12.461538,Infinity,0
0.07599974,-13.0,59.0,264.0,0.99237776,0.063527375,0.022679215,0.08522693,Infinity,11.136364,13.386727,12.4561405,Infinity,0
0.075000286,-8.0,55.0,255.0,0.9895029,0.061243687,0.01818319,0.11588497,Infinity,11.113401,13.409611,12.4561405,Infinity,0
0.07599974,-9.0,59.0,267.0,0.98728776,0.05396389,0.024689788,0.13553382,Infinity,11.113401,13.356165,12.4561405,Infinity,0
0.07600021,-8.0,53.0,260.0,0.9838991,0.053132072,0.027236896,0.15813239,Infinity,11.092783,13.356165,12.434211,Infinity,0
0.07599974,-5.0,44.0,250.0,0.9792331,0.055503763,0.03343822,0.18311599,Infinity,11.090535,13.32574,12.412281,Infinity,0
0.07600021,-15.0,37.0,261.0,0.97553444,0.051715374,0.031691775,0.20317979,Infinity,11.06996,13.302961,12.412281,Infinity,0
0.07499981,-19.0,50.0,261.0,0.9718022,0.05462642,0.03466099,0.21918933,Infinity,11.113401,13.333334,12.407002,Infinity,0
0.07600021,-9.0,46.0,256.0,0.97009534,0.049905308,0.032751724,0.22799373,Infinity,11.072165,13.302961,12.407002,Infinity,0
0.07599974,-7.0,50.0,262.0,0.96848565,0.05007344,0.030019743,0.23506702,Infinity,11.00616,13.272728,12.38512,Infinity,0
0.07600021,-8.0,39.0,257.0,0.9661025,0.056872096,0.033066437,0.24279071,Infinity,11.049383,13.25,12.358079,Infinity,0
0.07499981,-2.0,38.0,252.0,0.9659418,0.05829035,0.035381336,0.24276854,Infinity,11.026693,13.25,12.38512,Infinity,0
0.07600021,-8.0,54.0,259.0,0.96998596,0.0507024,0.038777966,0.22733554,Infinity,11.049383,13.280182,12.407002,Infinity,0
0.07599974,-18.0,59.0,265.0,0.97621965,0.039119326,0.034780305,0.20219389,Infinity,11.072165,13.25,12.363238,Infinity,0
0.07600021,-16.0,29.0,259.0,0.9834292,0.039188802,0.027083011,0.16499366,Infinity,11.049383,13.197279,12.412281,Infinity,0
0.07600021,-9.0,5.0,254.0,0.9874462,0.04668236,0.029439576,0.13612898,Infinity,11.026693,13.219955,12.363238,Infinity,0
0.07499981,-12.0,36.0,259.0,0.9911171,0.044729874,0.029594168,0.106945306,Infinity,11.00616,13.219955,12.38512,Infinity,0
0.07599974,-12.0,42.0,255.0,0.9927968,0.047742978,0.034205284,0.086796194,Infinity,11.028807,13.227273,12.358079,Infinity,0
0.07600021,-17.0,47.0,259.0,0.9926807,0.051901788,0.041834492,0.082282536,Infinity,11.026693,13.219955,12.38512,Infinity,0
0.07600021,-13.0,32.0,258.0,0.9930236,0.049905404,0.04272642,0.07885176,Infinity,10.985626,13.197279,12.363238,Infinity,0
0.07499981,-20.0,34.0,269.0,0.9937066,0.04512082,0.043448392,0.07247609,Infinity,11.049383,13.1746025,12.38512,Infinity,0
0.07600021,-20.0,23.0,258.0,0.9941886,0.043411408,0.04477516,0.06579608,Infinity,11.00616,13.197279,12.336245,Infinity,0
0.07599974,-22.0,25.0,257.0,0.9946151,0.048061818,0.047487233,0.052961826,Infinity,11.028807,13.197279,12.358079,Infinity,0
0.07600021,-24.0,29.0,261.0,0.9952064,0.05326844,0.047965493,0.032471027,Infinity,11.00616,13.197279,12.336245,Infinity,0
0.07799959,-24.0,34.0,265.0,0.99575734,0.05225207,0.04816873,0.006667534,Infinity,11.049383,13.197279,12.358079,Infinity,0
0.075000286,-24.0,34.0,262.0,0.9954529,0.055155694,0.04777521,-0.019405473,Infinity,11.00616,13.144796,12.331154,Infinity,0
0.07599974,-31.0,17.0,263.0,0.9941615,0.053215284,0.051771726,-0.05250884,Infinity,11.026693,13.197279,12.363238,Infinity,0
0.07600021,-24.0,29.0,254.0,0.99218524,0.05285665,0.053143907,-0.08110197,Infinity,11.004099,13.16742,12.336245,Infinity,0
0.07600021,-36.0,5.0,263.0,0.98891366,0.049964342,0.051756684,-0.116192035,Infinity,11.06996,13.16742,12.363238,Infinity,0
0.07499981,-26.0,14.0,253.0,0.9852402,0.054661453,0.053305164,-0.14177455,Infinity,11.028807,13.197279,12.31441,Infinity,0
0.07599974,-24.0,21.0,260.0,0.9821758,0.047706015,0.054384954,-0.16347851,Infinity,11.092783,13.16742,12.358079,Infinity,0
0.07600021,-31.0,23.0,264.0,0.9788853,0.048574314,0.05341291,-0.18220815,Infinity,11.049383,13.144796,12.287582,Infinity,0
0.07600021,-32.0,16.0,251.0,0.9769073,0.06011403,0.06178284,-0.18668249,Infinity,11.051546,13.137697,12.31441,Infinity,0
0.07599974,-34.0,26.0,261.0,0.97881806,0.064918466,0.05876691,-0.17571735,Infinity,11.092783,13.144796,12.309368,Infinity,0
0.075000286,-32.0,26.0,270.0,0.98275584,0.07439065,0.052209403,-0.15019451,Infinity,11.072165,13.144796,12.287582,Infinity,0
0.07599974,-22.0,30.0,271.0,0.9857956,0.07289223,0.04193417,-0.13327998,Infinity,11.049383,13.115125,12.309368,Infinity,0
0.07600021,-22.0,26.0,252.0,0.9878084,0.08216554,0.040620048,-0.11163037,Infinity,11.049383,13.092551,12.287582,Infinity,0
0.07599974,-22.0,18.0,250.0,0.98954797,0.08891918,0.044984832,-0.08655756,Infinity,11.028807,13.144796,12.309368,Infinity,0
0.075000286,-26.0,32.0,254.0,0.9914825,0.09101371,0.049084127,-0.053815994,Infinity,11.026693,13.092551,12.287582,Infinity,0
0.07599974,-20.0,44.0,244.0,0.9918041,0.0986147,0.053288758,-0.019643473,Infinity,10.963115,13.092551,12.309368,Infinity,0
0.07600021,-30.0,12.0,259.0,0.9935562,0.08200753,0.052417018,-0.0011202333,Infinity,10.983606,13.144796,12.287582,Infinity,0
0.07599974,-27.0,22.0,258.0,0.9931961,0.08081097,0.058309574,0.016116373,Infinity,10.985626,13.092551,12.309368,Infinity,0
0.07600021,-27.0,29.0,253.0,0.9930999,0.0774529,0.060654387,0.0265318,Infinity,11.00616,13.069978,12.287582,Infinity,0
0.07499981,-34.0,32.0,264.0,0.9933948,0.075578734,0.05639228,0.030068696,Infinity,10.963115,13.063064,12.309368,Infinity,0
0.07600021,-29.0,35.0,256.0,0.9936623,0.075144425,0.052792225,0.028832594,Infinity,10.942622,13.063064,12.309368,Infinity,0
0.07600021,-32.0,37.0,259.0,0.99397236,0.07674937,0.044527143,0.027841527,Infinity,10.963115,13.092551,12.265796,Infinity,0
0.07599926,-14.0,27.0,249.0,0.99367857,0.086922154,0.025237933,0.0322289,Infinity,10.963115,13.040541,12.31441,Infinity,0
0.07500076,-7.0,32.0,255.0,0.99483347,0.076956786,0.007374173,0.030950954,Infinity,10.965092,13.040541,12.309368,Infinity,0
0.07599926,-9.0,20.0,285.0,0.99571496,0.06641552,-0.017454257,0.021524053,Infinity,10.983606,13.115125,12.239131,Infinity,0
0.07600021,11.0,18.0,270.0,0.9954386,0.06118707,-0.043157887,0.011084537,Infinity,10.920246,13.040541,12.287582,Infinity,0
0.07600021,26.0,18.0,259.0,0.99480504,0.05883645,-0.059301108,0.003671033,Infinity,10.89796,12.988764,12.26087,Infinity,0
0.07499981,32.0,24.0,258.0,0.994029,0.051819943,-0.07645023,-0.0021917825,Infinity,10.920246,12.959641,12.265796,Infinity,0
0.07800007,45.0,24.0,254.0,0.99299777,0.049279556,-0.09022093,-0.0040151426,Infinity,10.89796,12.93722,12.265796,Infinity,0
0.07600021,46.0,15.0,264.0,0.99105674,0.042418543,-0.112128824,-0.007900732,Infinity,10.899796,12.9082775,12.287582,Infinity,0
0.07600021,57.0,13.0,262.0,0.9900255,0.042011216,-0.12082169,-0.010774122,Infinity,10.855397,12.863535,12.265796,Infinity,0
0.07599926,61.0,6.0,247.0,0.9922662,0.04965567,-0.09746431,-0.008413157,Infinity,10.814665,12.841164,12.239131,Infinity,0
0.07500076,43.0,12.0,262.0,0.99340945,0.07377138,-0.06571834,-0.0011113388,Infinity,10.855397,12.783965,12.26087,Infinity,0
0.07599926,28.0,20.0,251.0,0.9946512,0.08085949,-0.027377538,0.0024930022,Infinity,10.899796,12.806235,12.26087,Infinity,0
0.07600021,-3.0,35.0,269.0,0.99456096,0.0854902,-0.0013163782,0.012863747,Infinity,10.918367,12.834822,12.26087,Infinity,0
0.07600021,-4.0,24.0,260.0,0.9939228,0.090400286,0.018368917,0.015369757,Infinity,10.963115,12.885905,12.265796,Infinity,0
0.07600021,-14.0,40.0,266.0,0.99387336,0.08912734,0.027213043,0.01268318,Infinity,10.896131,12.863535,12.244009,Infinity,0
0.07499981,-17.0,39.0,269.0,0.994205,0.08569904,0.026323112,0.012201512,Infinity,10.920246,12.885905,12.287582,Infinity,0
0.07600021,-13.0,31.0,256.0,0.9934902,0.09199185,0.030984944,0.013563986,Infinity,10.985626,12.892376,12.287582,Infinity,0
0.07599926,-12.0,33.0,251.0,0.99221927,0.10010538,0.041141655,0.020401474,Infinity,10.963115,12.914799,12.239131,Infinity,0
0.07600021,-32.0,37.0,264.0,0.9922266,0.09317472,0.055496227,0.018813984,Infinity,10.985626,12.93722,12.265796,Infinity,0
0.07499981,-32.0,34.0,249.0,0.9896729,0.10037484,0.080227725,0.025757674,Infinity,10.920246,12.93722,12.292576,Infinity,0
0.07600021,-43.0,41.0,267.0,0.9890648,0.10000258,0.08571234,0.032141097,Infinity,11.00616,12.988764,12.239131,Infinity,0
0.07600021,-50.0,40.0,256.0,0.9874533,0.101290815,0.10077515,0.03390307,Infinity,11.026693,12.966291,12.212582,Infinity,0
0.07600021,-60.0,45.0,252.0,0.9843277,0.1091852,0.118788905,0.04117328,Infinity,11.06996,12.959641,12.239131,Infinity,0
0.07600021,-62.0,50.0,246.0,0.98221195,0.10562647,0.13716546,0.04378259,Infinity,11.13402,12.988764,12.265796,Infinity,0
0.07499981,-66.0,53.0,224.0,0.97582376,0.11606369,0.16760543,0.05321494,Infinity,11.15942,13.040541,12.217392,Infinity,0
0.07600021,-87.0,34.0,237.0,0.97644186,0.1148227,0.16610894,0.04913647,Infinity,11.113401,13.040541,12.265796,Infinity,0
0.07599926,-80.0,54.0,248.0,0.9809511,0.102890834,0.14752997,0.044848483,Infinity,11.136364,12.982063,12.265796,Infinity,0
0.07600021,-71.0,43.0,255.0,0.98557055,0.10001325,0.11818933,0.036140226,Infinity,11.113401,12.988764,12.265796,Infinity,0
0.07499981,-40.0,30.0,243.0,0.98983705,0.09803646,0.07989361,0.029218638,Infinity,11.092783,12.94382,12.26087,Infinity,0
0.07600021,-25.0,42.0,251.0,0.99236864,0.09111977,0.055570956,0.021003237,Infinity,11.113401,12.93722,12.239131,Infinity,0
0.07600021,-27.0,38.0,259.0,0.9936898,0.08369491,0.04602602,0.009280925,Infinity,11.049383,12.863535,12.239131,Infinity,0
0.07800007,-19.0,35.0,267.0,0.9950012,0.07865949,0.019276354,-0.0063671093,Infinity,11.049383,12.863535,12.26087,Infinity,0
0.07600021,1.0,41.0,246.0,0.9942307,0.08879029,0.009787571,-0.012441795,Infinity,11.026693,12.8125,12.287582,Infinity,0
0.072999954,0.0,35.0,243.0,0.99370027,0.09455855,0.01498289,-0.004829551,Infinity,11.047228,12.834822,12.239131,Infinity,0
0.07599926,-5.0,46.0,263.0,0.99456096,0.084580705,0.016490895,0.0071788663,Infinity,11.028807,12.783965,12.239131,Infinity,0
0.07600021,-5.0,50.0,257.0,0.99368596,0.08877227,0.022563681,0.028751334,Infinity,11.00616,12.783965,12.239131,Infinity,0
0.07600021,-17.0,37.0,268.0,0.9925822,0.0922331,0.02589365,0.047241755,Infinity,11.00616,12.755556,12.265796,Infinity,0
0.07499981,-14.0,26.0,263.0,0.99077564,0.09368742,0.024072511,0.07506048,Infinity,10.985626,12.783965,12.265796,Infinity,0
0.07600021,-12.0,37.0,263.0,0.9873264,0.09764166,0.021429066,0.10871797,Infinity,10.963115,12.755556,12.212582,Infinity,0
0.07600021,-7.0,38.0,251.0,0.981554,0.10511971,0.024914335,0.1466494,Infinity,10.940695,12.727272,12.287582,Infinity,0
0.07599926,-11.0,51.0,266.0,0.97747684,0.099819325,0.021953672,0.17527184,Infinity,10.89796,12.733334,12.239131,Infinity,0
0.07500076,-2.0,50.0,260.0,0.9717992,0.105891295,0.019470071,0.20159772,Infinity,10.89796,12.733334,12.212582,Infinity,0
0.07599926,1.0,59.0,254.0,0.9669206,0.11390391,0.02047185,0.21977198,Infinity,10.920246,12.733334,12.217392,Infinity,0
0.07600021,-2.0,46.0,262.0,0.9665398,0.10347975,0.019280562,0.22660553,Infinity,10.940695,12.761693,12.26087,Infinity,0
0.07600021,-4.0,43.0,262.0,0.9689045,0.09674301,0.016445804,0.21959914,Infinity,10.877551,12.777778,12.26087,Infinity,0
0.07600021,0.0,28.0,250.0,0.9739579,0.092275396,0.018582944,0.19792433,Infinity,10.920246,12.755556,12.195653,Infinity,0
0.07499981,1.0,33.0,251.0,0.9792258,0.08864973,0.02445024,0.17113626,Infinity,10.920246,12.761693,12.190889,Infinity,0
0.07600021,-10.0,52.0,259.0,0.98471546,0.07776355,0.02977144,0.14152192,Infinity,10.920246,12.733334,12.212582,Infinity,0
0.07599926,-20.0,49.0,271.0,0.990762,0.066053845,0.028350545,0.099235676,Infinity,10.875764,12.733334,12.239131,Infinity,0
0.07600021,-17.0,49.0,267.0,0.9928971,0.07041816,0.027241923,0.07128526,Infinity,10.920246,12.705099,12.190889,Infinity,0
0.07499981,-7.0,32.0,251.0,0.99391246,0.07203306,0.029648196,0.051950175,Infinity,10.963115,12.761693,12.190889,Infinity,0
0.07600021,-14.0,50.0,261.0,0.99449015,0.06825473,0.033376057,0.042965733,Infinity,10.922132,12.761693,12.164502,Infinity,0
0.07600021,-14.0,44.0,258.0,0.9942994,0.06906208,0.037368827,0.042805318,Infinity,10.920246,12.705099,12.217392,Infinity,0
0.07600021,-19.0,29.0,256.0,0.99491465,0.06222083,0.041967943,0.0337831,Infinity,10.965092,12.783965,12.212582,Infinity,0
0.07600021,-29.0,27.0,265.0,0.9950339,0.06402594,0.046017952,0.017872332,Infinity,10.963115,12.761693,12.190889,Infinity,0
0.07499981,-24.0,21.0,257.0,0.9950985,0.06615301,0.04458971,-0.0065088775,Infinity,10.899796,12.733334,12.186147,Infinity,0
0.07600021,-25.0,29.0,258.0,0.99366593,0.074347,0.04599767,-0.04013284,Infinity,11.00616,12.783965,12.190889,Infinity,0
0.07599926,-23.0,32.0,261.0,0.99157214,0.07442674,0.03981599,-0.07927773,Infinity,11.026693,12.783965,12.190889,Infinity,0
0.07800007,-25.0,31.0,254.0,0.98776144,0.08185615,0.0424321,-0.11159171,Infinity,11.026693,12.834822,12.190889,Infinity,0
0.07499981,-20.0,36.0,257.0,0.98559004,0.073079795,0.040935043,-0.13499554,Infinity,11.028807,12.806235,12.190889,Infinity,0
0.07600021,-25.0,30.0,265.0,0.9830514,0.07241107,0.04722307,-0.15088178,Infinity,10.961145,12.783965,12.190889,Infinity,0
0.07600021,-21.0,40.0,256.0,0.98229104,0.081784524,0.047393598,-0.15099245,Infinity,11.049383,12.755556,12.190889,Infinity,0
0.07600021,-25.0,38.0,254.0,0.98328793,0.08330127,0.05115232,-0.1421914,Infinity,11.026693,12.783965,12.217392,Infinity,0
0.07600021,-34.0,44.0,268.0,0.98576677,0.08387632,0.04977827,-0.124013945,Infinity,11.00616,12.733334,12.190889,Infinity,0
0.07499981,-31.0,42.0,264.0,0.988715,0.087251216,0.045472547,-0.0968998,Infinity,11.047228,12.777778,12.164502,Infinity,0
0.07600021,-27.0,42.0,264.0,0.9911941,0.09050621,0.038282596,-0.06711243,Infinity,10.985626,12.733334,12.190889,Infinity,0
0.07599926,-21.0,39.0,253.0,0.99271595,0.08980781,0.03767841,-0.040712148,Infinity,11.00616,12.755556,12.190889,Infinity,0
0.07600021,-35.0,26.0,256.0,0.9925273,0.099077925,0.03875112,-0.014100196,Infinity,10.985626,12.761693,12.212582,Infinity,0
0.07499981,-14.0,-1.0,241.0,0.9901545,0.11848815,0.04566819,0.009787844,Infinity,10.963115,12.705099,12.169198,Infinity,0
0.07600021,-27.0,47.0,263.0,0.99199265,0.10404269,0.039858643,0.012887522,Infinity,10.942622,12.711111,12.164502,Infinity,0
0.07600021,-26.0,50.0,259.0,0.9922628,0.10096693,0.040915385,0.013258219,Infinity,10.940695,12.682926,12.190889,Infinity,0
0.07600021,-21.0,44.0,254.0,0.992399,0.10011347,0.040166624,0.011741315,Infinity,10.963115,12.711111,12.190889,Infinity,0
0.07599926,-23.0,52.0,261.0,0.992145,0.10298617,0.038718022,0.013133154,Infinity,10.942622,12.711111,12.212582,Infinity,0
0.07500076,-19.0,50.0,255.0,0.9913285,0.10966025,0.040011425,0.016463088,Infinity,10.89796,12.705099,12.190889,Infinity,0
0.07599926,-19.0,50.0,255.0,0.99146926,0.109015524,0.035734836,0.021374257,Infinity,10.920246,12.654867,12.164502,Infinity,0
0.07600021,-21.0,54.0,263.0,0.99217254,0.10144939,0.036533557,0.024422571,Infinity,10.920246,12.682926,12.190889,Infinity,0
0.07600021,-17.0,51.0,260.0,0.99209106,0.10357097,0.032842427,0.02406856,Infinity,10.942622,12.733334,12.26087,Infinity,0
0.07499981,-15.0,46.0,254.0,0.99137694,0.11001137,0.030975306,0.02719143,Infinity,10.920246,12.755556,12.555066,Infinity,0
0.07600021,-16.0,50.0,252.0,0.99117976,0.10984781,0.032347053,0.03285323,Infinity,10.940695,12.733334,16.727749,Infinity,0
0.07600021,-21.0,47.0,262.0,0.9916435,0.10626951,0.029961182,0.03289049,Infinity,10.899796,12.682926,19.795918,Infinity,0
0.07599926,-15.0,51.0,256.0,0.9921185,0.10229962,0.02957419,0.031473797,Infinity,10.89796,12.654867,22.201256,Infinity,0
0.07800007,-15.0,47.0,256.0,0.9921018,0.1020481,0.03038908,0.032036137,Infinity,10.899796,12.610619,24.478113,Infinity,0
0.07500076,-18.0,47.0,259.0,0.9924121,0.09952824,0.029542942,0.031133214,Infinity,10.877551,12.632743,25.520832,Infinity,0
0.07599926,-19.0,46.0,260.0,0.9926368,0.0978365,0.029485457,0.029332109,Infinity,10.855397,12.582781,25.734264,Infinity,0
0.07600021,-17.0,51.0,261.0,0.99269205,0.098589554,0.026864551,0.027393213,Infinity,10.877551,12.555066,24.711864,Infinity,0
0.07600021,-5.0,57.0,249.0,0.9926615,0.09833108,0.027857687,0.02841984,Infinity,10.877551,12.511014,20.906343,Infinity,0
0.07499981,-14.0,46.0,254.0,0.9920456,0.10207216,0.03049297,0.033563357,Infinity,10.857143,12.505494,16.476685,Infinity,0
0.07600021,-20.0,46.0,260.0,0.9925155,0.097139455,0.029623356,0.035055496,Infinity,10.83503,12.53304,13.934426,Infinity,0
0.07600021,-10.0,52.0,256.0,0.99260783,0.09530446,0.030743847,0.03648568,Infinity,10.875764,12.4561405,12.783965,Infinity,0
0.07599926,-18.0,52.0,265.0,0.9926717,0.09489877,0.02905708,0.03718113,Infinity,10.814665,12.47807,12.53304,Infinity,0
0.07600021,-14.0,53.0,257.0,0.9928225,0.093494326,0.028722571,0.036969747,Infinity,10.813008,12.483517,12.505494,Infinity,0
0.07499981,-12.0,51.0,254.0,0.99254936,0.09561391,0.03029061,0.037626997,Infinity,10.813008,12.4561405,12.434211,Infinity,0
0.07600021,-18.0,51.0,262.0,0.9925483,0.09568631,0.029812796,0.037851866,Infinity,10.813008,12.483517,12.358079,Infinity,0
0.07600021,-17.0,48.0,259.0,0.9920823,0.10021307,0.028360749,0.039437838,Infinity,10.77079,12.483517,12.341356,Infinity,0
0.07600021,-14.0,46.0,258.0,0.9921126,0.10057054,0.026733758,0.038899492,Infinity,10.813008,12.461538,12.412281,Infinity,0
0.07499981,-11.0,50.0,257.0,0.99217916,0.10092194,0.024065366,0.038025454,Infinity,10.792684,12.505494,12.336245,Infinity,0
0.07600021,-12.0,48.0,254.0,0.9919142,0.10431261,0.019607782,0.038342558,Infinity,10.748988,12.660753,12.31441,Infinity,0
0.07599926,-6.0,52.0,262.0,0.9917525,0.10596085,0.01780415,0.03888253,Infinity,10.728745,15.197044,12.309368,Infinity,0
0.07600021,-4.0,48.0,259.0,0.99155414,0.10925894,0.009945243,0.03759531,Infinity,10.77079,18.870056,12.287582,Infinity,0
0.07600021,0.0,52.0,249.0,0.99170685,0.108290374,0.00767266,0.036897544,Infinity,10.686869,21.033436,12.287582,Infinity,0
0.07499981,1.0,61.0,257.0,0.9913419,0.11227528,0.0022004507,0.035496037,Infinity,10.707071,22.476192,12.287582,Infinity,0
0.07600021,4.0,60.0,252.0,0.991039,0.115112945,0.00151929,0.034899287,Infinity,10.709939,23.032257,12.336245,Infinity,0
0.07600021,2.0,55.0,256.0,0.99130523,0.113279685,5.400363E-4,0.033332225,Infinity,10.730224,23.651316,12.287582,Infinity,0
0.073999405,1.0,55.0,257.0,0.99134356,0.11290373,8.369019E-4,0.033460245,Infinity,10.730224,23.398693,12.244009,Infinity,0
0.07500076,2.0,61.0,253.0,0.99116963,0.113962166,2.6901468E-4,0.034997277,Infinity,10.708503,22.611465,12.265796,Infinity,0
0.077999115,-6.0,57.0,260.0,0.9908798,0.11594702,4.9527874E-4,0.03664707,Infinity,10.730224,21.219511,12.239131,Infinity,0
0.07600021,5.0,56.0,248.0,0.9911405,0.11181628,0.009837855,0.0408665,Infinity,10.77079,18.31025,12.26087,Infinity,0
0.07600021,1.0,48.0,252.0,0.99129194,0.109501414,0.017754681,0.040792737,Infinity,10.709939,16.071428,12.239131,Infinity,0
0.07600021,-4.0,50.0,259.0,0.9918768,0.10443337,0.020136518,0.038705986,Infinity,10.708503,14.567307,12.212582,Infinity,0
0.07500076,-8.0,60.0,263.0,0.9919997,0.103171796,0.020715963,0.038633037,Infinity,10.708503,13.901869,12.212582,Infinity,0
0.075998306,-4.0,58.0,254.0,0.992121,0.101391405,0.020323753,0.04040237,Infinity,10.666667,13.59447,12.212582,Infinity,0
0.07600021,-11.0,49.0,264.0,0.9922224,0.1006144,0.018871496,0.04055569,Infinity,10.666667,13.494253,12.239131,Infinity,0
0.07600021,-9.0,54.0,256.0,0.99194944,0.10242733,0.020138316,0.04205958,Infinity,10.645162,13.432494,12.190889,Infinity,0
0.07500076,-8.0,47.0,257.0,0.9919746,0.10214984,0.022450358,0.040955976,Infinity,10.666667,13.356165,12.190889,Infinity,0
0.07600021,-9.0,55.0,258.0,0.9922604,0.10113975,0.020769782,0.037258785,Infinity,10.686869,13.302961,12.190889,Infinity,0
0.07600021,-9.0,54.0,255.0,0.99204934,0.1029265,0.022893518,0.036740635,Infinity,10.686869,13.302961,12.186147,Infinity,0
0.075998306,-9.0,57.0,258.0,0.9919615,0.10369816,0.023223478,0.036734447,Infinity,10.708503,13.272728,12.217392,Infinity,0
0.07600021,-10.0,55.0,259.0,0.9921624,0.10232285,0.021058267,0.036468673,Infinity,10.920246,13.219955,12.190889,Infinity,0
0.07500076,-1.0,56.0,260.0,0.99302024,0.09504618,0.006887064,0.038188722,Infinity,14.7941885,13.25,12.164502,Infinity,0
0.07600021,1.0,35.0,248.0,0.9939429,0.085347116,8.645905E-4,0.037707623,Infinity,17.826088,13.356165,12.190889,Infinity,0
0.07600021,3.0,49.0,264.0,0.9953149,0.0683673,-0.008319594,0.03511962,Infinity,19.623188,13.463303,12.190889,Infinity,0
0.07600021,1.0,38.0,259.0,0.9956588,0.064228706,-0.009035505,0.032955218,Infinity,20.813253,13.63426,12.169198,Infinity,0
0.074998856,7.0,43.0,255.0,0.9956235,0.06426999,-0.0071930005,0.03436659,Infinity,21.219511,13.767442,12.190889,Infinity,0
0.07600021,9.0,32.0,258.0,0.9956941,0.06349315,-0.003742035,0.034311317,Infinity,21.640865,13.822844,12.169198,Infinity,0
0.07600021,11.0,34.0,261.0,0.9957717,0.06224509,-0.0017765379,0.034506097,Infinity,21.411041,13.846154,12.190889,Infinity,0
0.07600021,3.0,36.0,260.0,0.99586195,0.060593143,-0.005737901,0.034412228,Infinity,20.843372,13.846154,12.190889,Infinity,0
0.07600021,2.0,32.0,261.0,0.99548614,0.06637676,-0.0029927916,0.0349582,Infinity,19.680233,13.767442,12.164502,Infinity,0
0.074998856,7.0,35.0,249.0,0.9940942,0.08223795,0.008696851,0.039579354,Infinity,15.308642,13.680555,12.164502,Infinity,0
0.07600021,-1.0,52.0,260.0,0.99350214,0.08975679,0.013747839,0.03657504,Infinity,12.051836,13.440367,12.164502,Infinity,0
0.07600021,-4.0,53.0,259.0,0.9932888,0.09105904,0.01759727,0.037489153,Infinity,11.3125,13.272728,12.142858,Infinity,0
0.07600021,-8.0,47.0,262.0,0.9929588,0.09450585,0.015593967,0.038572546,Infinity,11.20332,13.1746025,12.138228,Infinity,0
0.076999664,-1.0,40.0,252.0,0.99247533,0.09936093,0.017411388,0.038032994,Infinity,11.092783,13.092551,12.142858,Infinity,0
0.07600021,-6.0,50.0,257.0,0.992293,0.10084977,0.018329103,0.03843849,Infinity,11.06996,13.040541,12.142858,Infinity,0
0.07600021,-3.0,49.0,256.0,0.9919922,0.103391305,0.019693691,0.038774215,Infinity,11.06996,13.040541,12.121212,Infinity,0
0.07600021,-6.0,53.0,258.0,0.9917768,0.10523326,0.01867088,0.03981921,Infinity,11.026693,12.988764,12.142858,Infinity,0
0.07600021,-6.0,54.0,261.0,0.99168134,0.10612021,0.01727202,0.04047024,Infinity,11.004099,12.93722,12.116631,Infinity,0
0.074998856,-2.0,52.0,251.0,0.99160266,0.10645302,0.019437555,0.040543362,Infinity,11.00616,12.93722,12.116631,Infinity,0
0.07600021,-7.0,53.0,260.0,0.9916818,0.10567248,0.0190728,0.040821474,Infinity,10.961145,12.93722,12.095033,Infinity,0
0.07600021,-5.0,53.0,257.0,0.99079406,0.11222904,0.021446947,0.043603014,Infinity,11.00616,13.069978,12.142858,Infinity,0
0.07600021,-1.0,52.0,253.0,0.991039,0.11037924,0.013715976,0.045820497,Infinity,11.268191,13.092551,12.095033,Infinity,0
0.07500076,1.0,44.0,261.0,0.9929464,0.09456738,-0.004553834,0.04149386,Infinity,14.830097,15.073529,12.121212,Infinity,0
0.07600021,4.0,48.0,258.0,0.993711,0.08608745,-0.016926948,0.03833655,Infinity,17.798912,18.232044,12.095033,Infinity,0
0.075998306,21.0,47.0,247.0,0.9936944,0.08577793,-0.020129673,0.037920587,Infinity,19.1453,20.117647,12.095033,Infinity,0
0.07600021,11.0,40.0,263.0,0.99332345,0.08781213,-0.029435594,0.036885627,Infinity,19.566475,21.253822,12.047414,Infinity,0
0.07600021,14.0,41.0,261.0,0.9935228,0.08642972,-0.028162379,0.03576292,Infinity,19.623188,21.380367,12.068966,Infinity,0
0.07500076,18.0,38.0,265.0,0.9933699,0.08762293,-0.029316142,0.036174953,Infinity,19.340975,21.380367,12.095033,Infinity,0
0.07600021,7.0,43.0,267.0,0.9932462,0.08814765,-0.031208634,0.036711276,Infinity,19.119318,20.690691,12.068966,Infinity,0
0.07600021,18.0,35.0,252.0,0.9937257,0.08537527,-0.024845198,0.03510697,Infinity,18.816902,19.738373,12.095033,Infinity,0
0.075998306,16.0,49.0,260.0,0.9936291,0.08602121,-0.015949937,0.040941745,Infinity,16.23077,16.992085,12.068966,Infinity,0
0.07500076,8.0,46.0,257.0,0.99275255,0.09583236,0.0013012297,0.043421727,Infinity,13.432494,14.914842,12.068966,Infinity,0
0.07600021,-3.0,50.0,271.0,0.9929185,0.09527064,0.0025776848,0.04073567,Infinity,11.884369,13.901869,12.047414,Infinity,0
0.07600021,1.0,52.0,262.0,0.9923443,0.10119348,0.003871055,0.040338334,Infinity,11.336117,13.525345,12.043011,Infinity,0
0.07600021,1.0,51.0,257.0,0.99207866,0.10357806,0.009162109,0.039963037,Infinity,11.20332,13.378996,12.068966,Infinity,0
0.07600021,-6.0,54.0,259.0,0.99274826,0.09748327,0.0108661065,0.038200237,Infinity,11.113401,13.32574,12.068966,Infinity,0
0.076999664,-2.0,53.0,256.0,0.9925074,0.09938795,0.013823929,0.03859608,Infinity,11.115703,13.25,12.025862,Infinity,0
0.07600021,-8.0,57.0,260.0,0.99260074,0.098485515,0.011572726,0.03924332,Infinity,11.092783,13.16742,12.047414,Infinity,0
0.07600021,-3.0,56.0,261.0,0.9923298,0.1008046,0.006985974,0.041238893,Infinity,11.049383,13.115125,12.021505,Infinity,0
0.073999405,0.0,50.0,258.0,0.99227184,0.10090054,0.003687042,0.042796507,Infinity,11.049383,13.092551,12.073435,Infinity,0
0.074998856,-3.0,57.0,259.0,0.9926297,0.096805334,-0.0040398627,0.043909334,Infinity,11.072165,13.011236,12.138228,Infinity,0
0.07600021,4.0,48.0,254.0,0.99305713,0.092915475,-0.008944973,0.041877072,Infinity,13.5172415,12.988764,12.239131,Infinity,0
0.07600021,10.0,54.0,256.0,0.9936926,0.08366627,-0.015360847,0.044367176,Infinity,15.989847,12.988764,15.599999,Infinity,0
0.07600021,10.0,43.0,254.0,0.9938389,0.080501296,-0.01845583,0.04574501,Infinity,17.798912,13.011236,20.537315,Infinity,0
0.07600021,11.0,36.0,256.0,0.994168,0.07724711,-0.020633588,0.04320588,Infinity,18.84507,13.011236,22.476192,Infinity,0
0.07500076,15.0,41.0,262.0,0.9941974,0.07733576,-0.021046927,0.042156413,Infinity,19.257143,13.040541,23.540983,Infinity,0
0.075998306,14.0,41.0,260.0,0.99436873,0.076445654,-0.020065332,0.040172998,Infinity,19.0625,12.988764,24.180603,Infinity,0
0.07800102,11.0,44.0,261.0,0.99439496,0.07662929,-0.018518517,0.0399145,Infinity,18.898304,12.959641,24.066668,Infinity,0
0.07600021,15.0,37.0,258.0,0.9942866,0.077999756,-0.017267998,0.04051592,Infinity,18.764046,12.966291,23.431374,Infinity,0
0.074998856,12.0,42.0,258.0,0.9942453,0.078739546,-0.017405683,0.040037684,Infinity,18.575418,12.914799,22.89389,Infinity,0
0.07600021,15.0,36.0,261.0,0.9943576,0.07806583,-0.017891109,0.038318954,Infinity,17.978142,12.885905,22.169811,Infinity,0
0.07600021,12.0,51.0,259.0,0.99373466,0.08626646,-0.011141952,0.03942797,Infinity,15.599999,12.834822,18.926554,Infinity,0
0.07600021,9.0,38.0,263.0,0.992767,0.09707406,-0.0037163377,0.040068977,Infinity,12.863535,12.733334,15.197044,Infinity,0
0.07600021,9.0,56.0,256.0,0.9928933,0.09559275,-2.9615156E-4,0.040674087,Infinity,11.603375,12.676991,13.011236,Infinity,0
0.07500076,3.0,54.0,252.0,0.9924871,0.099267356,0.0031727531,0.041651275,Infinity,11.247401,12.654867,12.632743,Infinity,0
0.075998306,1.0,52.0,258.0,0.99257714,0.09864952,0.0049170502,0.040796798,Infinity,11.136364,12.660753,12.560706,Infinity,0
0.07400131,0.0,57.0,259.0,0.99258834,0.098493725,0.0053681144,0.04084286,Infinity,11.072165,12.632743,12.483517,Infinity,0
0.07600021,1.0,57.0,258.0,0.9925503,0.09899001,0.0068279775,0.04034739,Infinity,11.06996,12.660753,12.461538,Infinity,0
0.074998856,0.0,49.0,258.0,0.9926442,0.09834273,0.010404546,0.038826663,Infinity,11.049383,12.632743,12.412281,Infinity,0
0.07600021,0.0,55.0,255.0,0.99272925,0.09703609,0.008963158,0.04027237,Infinity,11.026693,12.632743,12.412281,Infinity,0
0.073999405,0.0,51.0,261.0,0.99278086,0.09646559,0.006421867,0.04085187,Infinity,11.004099,12.632743,12.412281,Infinity,0
0.07800102,1.0,56.0,256.0,0.99260765,0.096791625,0.0066835172,0.044118382,Infinity,10.940695,12.682926,12.38512,Infinity,0
0.07500076,1.0,50.0,256.0,0.99223405,0.09994995,0.0034669377,0.04581694,Infinity,10.920246,12.8125,12.461538,Infinity,0
0.075998306,7.0,55.0,255.0,0.9917593,0.10436685,-0.0026230444,0.04630148,Infinity,10.920246,15.511222,16.2982,Infinity,0
0.07600021,7.0,55.0,253.0,0.9909341,0.1119904,-0.0076049725,0.04560064,Infinity,10.899796,18.735954,19.595377,Infinity,0
0.07600021,10.0,64.0,254.0,0.990444,0.11626022,-0.0070277615,0.04565513,Infinity,10.920246,20.266273,21.0,Infinity,0
0.07600021,13.0,65.0,255.0,0.98995584,0.120903775,-0.0094667245,0.043701418,Infinity,10.985626,21.0,22.037619,Infinity,0
0.07500076,7.0,70.0,257.0,0.9899603,0.120497346,-0.011101176,0.044332847,Infinity,10.940695,21.033436,21.96875,Infinity,0
0.07600021,13.0,62.0,257.0,0.9904865,0.11651567,-0.012312157,0.04287899,Infinity,10.963115,21.0,21.702785,Infinity,0
0.075998306,11.0,70.0,258.0,0.9909347,0.11317525,-0.01395877,0.04091915,Infinity,11.00616,20.750751,21.376148,Infinity,0
0.07600021,11.0,73.0,255.0,0.9907215,0.11436017,-0.015558835,0.042191688,Infinity,10.963115,20.356083,21.189024,Infinity,0
0.07500076,9.0,64.0,255.0,0.99064183,0.11489713,-0.013711895,0.043231677,Infinity,10.963115,19.623188,20.813253,Infinity,0
0.07600021,10.0,58.0,251.0,0.99130225,0.108331785,-0.005313819,0.046745352,Infinity,10.920246,16.921053,19.652174,Infinity,0
0.07600021,7.0,48.0,253.0,0.9919492,0.102404274,0.0026037775,0.04661177,Infinity,10.920246,14.805824,16.391752,Infinity,0
0.07600021,-3.0,65.0,275.0,0.9919657,0.10222509,1.093183E-5,0.0467302,Infinity,10.877551,13.680555,14.380952,Infinity,0
0.07600021,10.0,61.0,251.0,0.9917311,0.103839226,0.00103496,0.04811805,Infinity,10.813008,13.25,13.122172,Infinity,0
0.074998856,2.0,52.0,256.0,0.99145925,0.106574945,7.346029E-4,0.04774338,Infinity,10.792684,13.063064,12.739421,Infinity,0
0.07600021,4.0,56.0,255.0,0.991794,0.103722185,0.0028808273,0.046984665,Infinity,10.813008,12.966291,12.632743,Infinity,0
0.07600021,1.0,64.0,258.0,0.99193734,0.102254786,0.0061705997,0.04685775,Infinity,10.77079,12.885905,12.588495,Infinity,0
0.07600021,-1.0,56.0,261.0,0.99162644,0.105516896,0.004081633,0.046433058,Infinity,10.750507,12.857142,12.560706,Infinity,0
0.074998856,2.0,55.0,261.0,0.9917444,0.10473268,7.184861E-4,0.045861036,Infinity,10.750507,12.834822,12.53304,Infinity,0
0.07600021,4.0,62.0,255.0,0.99156487,0.10555066,-3.6558096E-4,0.047829002,Infinity,10.772358,12.783965,12.483517,Infinity,0
0.07600021,1.0,55.0,254.0,0.9911263,0.10911162,-0.00509762,0.04865073,Infinity,10.792684,12.783965,12.53304,Infinity,0
0.07600021,0.0,67.0,274.0,0.9920401,0.09477318,-0.035748303,0.04714729,Infinity,13.703704,13.680555,13.302961,Infinity,0
0.07600021,36.0,52.0,250.0,0.9923888,0.08757817,-0.043477047,0.047262695,Infinity,17.063492,16.806282,18.027397,Infinity,0
0.07500076,27.0,47.0,258.0,0.9921846,0.08560919,-0.051214013,0.04740624,Infinity,18.523676,18.816902,20.507462,Infinity,0
0.075998306,28.0,53.0,259.0,0.99214965,0.08345936,-0.057706237,0.044420753,Infinity,19.31232,19.825073,21.73913,Infinity,0
0.07600021,25.0,57.0,259.0,0.99202687,0.08569836,-0.059106484,0.040917765,Infinity,19.710144,20.658684,22.310125,Infinity,0
0.07800102,35.0,49.0,255.0,0.9921963,0.085192814,-0.058232944,0.03908119,Infinity,19.709303,21.0,22.476192,Infinity,0
0.074998856,29.0,54.0,259.0,0.99224,0.08527351,-0.058254708,0.0377375,Infinity,19.738373,21.063831,22.715654,Infinity,0
0.07600021,28.0,57.0,260.0,0.99234706,0.08393924,-0.058894355,0.036911864,Infinity,19.623188,21.219511,22.30284,Infinity,0
0.07600021,31.0,53.0,258.0,0.99249244,0.083429985,-0.05742868,0.036465168,Infinity,19.367817,21.189024,22.068966,Infinity,0
0.07600021,25.0,53.0,261.0,0.9926331,0.08284413,-0.056657583,0.035154663,Infinity,19.283669,21.094225,21.96875,Infinity,0
0.07600021,27.0,55.0,256.0,0.99254334,0.083186686,-0.057411354,0.035653442,Infinity,19.22857,21.0,21.476921,Infinity,0
0.07500076,24.0,51.0,257.0,0.99290884,0.08096011,-0.055204492,0.034051273,Infinity,19.17379,20.690691,21.030302,Infinity,0
0.075998306,32.0,51.0,243.0,0.99384815,0.076041654,-0.035547428,0.042987723,Infinity,16.824146,17.950819,17.723577,Infinity,0
0.07600021,21.0,50.0,254.0,0.99424714,0.07621493,-3.1991818E-4,0.047852073,Infinity,13.1746025,15.04902,15.259258,Infinity,0
0.07600021,-14.0,58.0,271.0,0.9929898,0.08438456,0.011320787,0.057888187,Infinity,11.652542,14.047059,13.5172415,Infinity,0
0.07500076,-4.0,45.0,262.0,0.992851,0.08553962,0.01466196,0.057831082,Infinity,11.244813,13.680555,12.988764,Infinity,0
0.07600021,-8.0,45.0,260.0,0.9934317,0.08129447,0.015068432,0.05373208,Infinity,11.157025,13.5172415,12.863535,Infinity,0
0.07600021,-9.0,55.0,257.0,0.99368083,0.07909122,0.015737208,0.052201565,Infinity,11.092783,13.409611,12.806235,Infinity,0
0.075998306,-13.0,52.0,257.0,0.9935067,0.081825845,0.019178487,0.05010663,Infinity,11.092783,13.409611,12.755556,Infinity,0
0.07600021,-14.0,51.0,257.0,0.99289685,0.08810531,0.019980272,0.051220153,Infinity,11.049383,13.32574,12.733334,Infinity,0
0.07500076,-5.0,46.0,256.0,0.992585,0.090703055,0.020393042,0.052552626,Infinity,11.090535,13.32574,12.705099,Infinity,0
0.07600021,-8.0,51.0,253.0,0.9922605,0.09229926,0.021662828,0.055319026,Infinity,11.028807,13.32574,12.682926,Infinity,0
0.07600021,-15.0,45.0,265.0,0.99193096,0.098637514,0.018140128,0.051419742,Infinity,11.026693,13.25,12.682926,Infinity,0
0.07600021,0.0,50.0,253.0,0.99039274,0.11326463,0.015169364,0.051887285,Infinity,10.985626,13.25,12.632743,Infinity,0
0.074998856,-12.0,61.0,254.0,0.9873518,0.13668327,0.016817037,0.052910045,Infinity,10.963115,13.25,12.582781,Infinity,0
0.07600021,-5.0,81.0,254.0,0.98362523,0.16238728,0.00863303,0.05162072,Infinity,10.985626,13.151927,12.610619,Infinity,0
0.073999405,0.0,80.0,249.0,0.9770865,0.19798304,0.0072045457,0.051755033,Infinity,10.961145,13.144796,12.6048565,Infinity,0
0.07600021,1.0,116.0,241.0,0.9738888,0.21416482,0.0024044705,0.04792553,Infinity,10.942622,13.115125,12.555066,Infinity,0
0.07600021,-1.0,115.0,244.0,0.9645782,0.2543979,-0.0056417286,0.03824655,Infinity,10.920246,13.092551,12.53304,Infinity,0
0.07500076,15.0,111.0,229.0,0.959239,0.2737265,-0.02010631,0.034028307,Infinity,10.920246,13.092551,12.53304,Infinity,0
0.07600021,9.0,151.0,225.0,0.95424414,0.29017434,-0.0313548,0.029364767,Infinity,10.920246,13.040541,12.483517,Infinity,0
0.07600021,12.0,132.0,226.0,0.93705994,0.34025896,-0.046698313,0.024124483,Infinity,10.918367,12.988764,12.439561,Infinity,0
0.075998306,39.0,169.0,189.0,0.9231988,0.3732623,-0.0669105,0.022953345,Infinity,10.89796,12.988764,12.461538,Infinity,0
0.07700157,33.0,197.0,197.0,0.9100992,0.40230328,-0.07785683,0.02088378,Infinity,10.922132,12.94382,12.461538,Infinity,0
0.07600021,41.0,195.0,168.0,0.89804333,0.42926213,-0.07262825,0.024585305,Infinity,10.877551,12.885905,12.434211,Infinity,0
0.075998306,43.0,191.0,163.0,0.89854723,0.42886305,-0.06889375,0.023928916,Infinity,10.857143,12.857142,12.434211,Infinity,0
0.07600021,29.0,209.0,178.0,0.9043031,0.4178837,-0.060892504,0.023026686,Infinity,10.877551,12.834822,12.407002,Infinity,0
0.07600021,30.0,216.0,183.0,0.9086061,0.40884578,-0.058318004,0.022549402,Infinity,10.875764,12.834822,12.38512,Infinity,0
0.07500076,32.0,199.0,178.0,0.90647745,0.41365406,-0.05679342,0.024350427,Infinity,10.816326,12.834822,12.358079,Infinity,0
0.07600021,29.0,197.0,173.0,0.8970043,0.43383786,-0.055125043,0.027519241,Infinity,10.877551,12.755556,12.412281,Infinity,0
0.07600021,31.0,214.0,167.0,0.8896752,0.4482403,-0.059349325,0.025790773,Infinity,10.836735,12.783965,12.31441,Infinity,0
0.075998306,35.0,211.0,155.0,0.87948143,0.4666575,-0.0693447,0.023719756,Infinity,10.814665,12.761693,12.336245,Infinity,0
0.07500076,47.0,190.0,146.0,0.8709927,0.48102736,-0.077513136,0.024592454,Infinity,10.83503,12.733334,12.336245,Infinity,0
0.07600021,38.0,235.0,154.0,0.8599834,0.4998085,-0.08197316,0.022996772,Infinity,10.814665,12.761693,12.336245,Infinity,0
0.07600021,47.0,227.0,129.0,0.84824795,0.5188741,-0.085560344,0.023509085,Infinity,10.77079,12.682926,12.287582,Infinity,0
0.07600021,44.0,236.0,131.0,0.8385973,0.5329072,-0.09477697,0.020254595,Infinity,10.748988,12.654867,12.309368,Infinity,0
0.07600021,52.0,236.0,105.0,0.8277439,0.54868174,-0.09988617,0.020969544,Infinity,10.792684,12.660753,12.309368,Infinity,0
0.074998856,56.0,247.0,111.0,0.82395154,0.5541602,-0.10112608,0.020329248,Infinity,10.77079,12.654867,12.31441,Infinity,0
0.07600021,55.0,258.0,104.0,0.82674664,0.5504921,-0.09832677,0.0202399,Infinity,10.772358,12.632743,12.287582,Infinity,0
0.07600021,46.0,254.0,109.0,0.8155703,0.567166,-0.09605946,0.02385165,Infinity,10.772358,12.632743,12.287582,Infinity,0
0.07600021,50.0,243.0,95.0,0.80966806,0.5750929,-0.09885148,0.023739086,Infinity,10.792684,12.654867,12.26087,Infinity,0
0.074998856,45.0,264.0,93.0,0.803816,0.5822446,-0.105416484,0.01968622,Infinity,10.77079,12.6048565,12.26087,Infinity,0
0.07600021,55.0,243.0,62.0,0.7843217,0.60682774,-0.11277798,0.022523623,Infinity,10.77079,12.610619,12.239131,Infinity,0
0.07600021,60.0,252.0,68.0,0.768116,0.62747276,-0.10970755,0.029453896,Infinity,10.772358,12.582781,12.309368,Infinity,0
0.07600021,60.0,261.0,70.0,0.77966243,0.61292905,-0.111152634,0.026794853,Infinity,10.748988,12.555066,12.265796,Infinity,0
0.07600021,54.0,283.0,80.0,0.7967018,0.5902557,-0.11323044,0.025900453,Infinity,10.750507,12.582781,12.212582,Infinity,0
0.07500076,64.0,237.0,72.0,0.8071507,0.57634974,-0.108934194,0.033021796,Infinity,10.750507,12.560706,12.265796,Infinity,0
0.075998306,59.0,248.0,84.0,0.8328961,0.5410376,-0.093962565,0.03683278,Infinity,10.750507,12.582781,12.217392,Infinity,0
0.07600021,52.0,237.0,112.0,0.85255784,0.5127419,-0.07124989,0.04229387,Infinity,10.772358,12.6048565,12.239131,Infinity,0
0.07600021,36.0,218.0,123.0,0.86065316,0.5010335,-0.04321653,0.05477341,Infinity,10.772358,12.582781,12.239131,Infinity,0
0.07500076,30.0,217.0,149.0,0.88359267,0.4601482,-0.024994481,0.059369642,Infinity,10.750507,12.582781,12.239131,Infinity,0
0.077999115,26.0,218.0,164.0,0.907538,0.41159967,-0.015574343,0.057778902,Infinity,10.748988,12.632743,12.239131,Infinity,0
0.07600021,21.0,194.0,155.0,0.91972977,0.3804005,0.012488289,0.07654675,Infinity,10.728745,12.632743,12.239131,Infinity,0
0.07600021,6.0,164.0,197.0,0.9410316,0.32133722,0.029887602,0.08349095,Infinity,10.752033,12.711111,12.217392,Infinity,0
0.07600021,-14.0,188.0,227.0,0.9542505,0.27628738,0.045792747,0.08715607,Infinity,10.708503,12.682926,12.239131,Infinity,0
0.07500076,-5.0,126.0,226.0,0.96133995,0.24760054,0.054767106,0.09025904,Infinity,10.730224,12.733334,12.217392,Infinity,0
0.075998306,-4.0,78.0,229.0,0.97026134,0.2075483,0.061571572,0.09137928,Infinity,10.686869,12.783965,12.239131,Infinity,0
0.07600021,-16.0,107.0,245.0,0.9816177,0.15531582,0.059186533,0.07362214,Infinity,10.708503,12.783965,12.239131,Infinity,0
0.07600021,-22.0,101.0,254.0,0.98708326,0.12336773,0.061792348,0.057048183,Infinity,10.727273,12.806235,12.212582,Infinity,0
0.07500076,-16.0,71.0,242.0,0.98499465,0.1337833,0.071917556,0.057830878,Infinity,10.728745,12.8125,12.212582,Infinity,0
0.07600021,-25.0,72.0,253.0,0.98550594,0.13073577,0.07199339,0.05597023,Infinity,10.730224,12.857142,12.217392,Infinity,0
0.07600021,-33.0,82.0,261.0,0.98743206,0.120792024,0.06816806,0.04867685,Infinity,10.772358,12.885905,12.217392,Infinity,0
0.07600021,-36.0,72.0,257.0,0.9891956,0.1160003,0.054291744,0.041440383,Infinity,10.730224,12.834822,12.212582,Infinity,0
0.075998306,-15.0,55.0,249.0,0.99205226,0.104628295,0.024282917,0.030359508,Infinity,10.708503,12.8125,12.186147,Infinity,0
0.07500076,2.0,39.0,246.0,0.99552166,0.070024304,-0.015896719,0.020026332,Infinity,10.686869,12.733334,12.190889,Infinity,0
0.07600021,12.0,51.0,265.0,0.99624014,0.03719061,-0.051984772,0.0064675743,Infinity,10.666667,12.682926,12.212582,Infinity,0
0.07600021,31.0,33.0,276.0,0.9941479,0.02045808,-0.088734604,-0.0014660445,Infinity,10.666667,12.555066,12.190889,Infinity,0
0.07600021,72.0,9.0,254.0,0.99120545,0.004956708,-0.1185405,-0.007837571,Infinity,10.603622,12.505494,12.190889,Infinity,0
0.074998856,71.0,5.0,265.0,0.9871821,-0.01108779,-0.1478473,-0.010775175,Infinity,10.625,12.434211,12.164502,Infinity,0
0.07600021,80.0,-12.0,248.0,0.983187,-0.017960036,-0.17159395,-0.014287651,Infinity,10.541082,12.407002,12.190889,Infinity,0
0.07600021,98.0,-19.0,239.0,0.9794327,-0.021856345,-0.19152991,-0.013358117,Infinity,10.522088,12.38512,12.195653,Infinity,0
0.07600021,100.0,-2.0,252.0,0.9751055,-0.023820069,-0.21219364,-0.014280682,Infinity,10.5,12.363238,12.234273,Infinity,0
0.07600021,119.0,-11.0,242.0,0.97030383,-0.023896793,-0.23309071,-0.015376614,Infinity,10.46,12.309368,12.190889,Infinity,0
0.074998856,120.0,-19.0,247.0,0.96544623,-0.027744291,-0.25173673,-0.020025678,Infinity,10.5,12.31441,12.164502,Infinity,0
0.07600021,138.0,-11.0,226.0,0.9614092,-0.033563375,-0.26589122,-0.022285413,Infinity,10.439121,12.26087,12.190889,Infinity,0
0.07600021,150.0,-11.0,217.0,0.9598995,-0.0358205,-0.271053,-0.02166957,Infinity,10.46,12.265796,12.212582,Infinity,0
0.07600021,135.0,-19.0,231.0,0.9583479,-0.03444661,-0.27645668,-0.02416727,Infinity,10.378486,12.239131,12.195653,Infinity,0
0.076999664,130.0,-17.0,236.0,0.9621249,-0.028727416,-0.26365206,-0.024636364,Infinity,10.398406,12.239131,12.190889,Infinity,0
0.07600021,160.0,-12.0,172.0,0.9792187,-0.004329753,-0.19331689,-0.021780526,Infinity,10.378486,12.217392,12.217392,Infinity,0
0.07600021,106.0,12.0,261.0,0.9860058,0.0011093472,-0.15432121,-0.024513045,Infinity,10.419161,12.217392,12.169198,Infinity,0
0.07600021,69.0,40.0,292.0,0.98813736,0.020845147,-0.13771872,-0.02848284,Infinity,10.419161,12.239131,12.164502,Infinity,0
0.07600021,58.0,12.0,257.0,0.9905669,0.04573798,-0.11215756,-0.027050404,Infinity,10.399202,12.26087,12.116631,Infinity,0
0.074998856,59.0,13.0,238.0,0.99238133,0.0676911,-0.082891606,-0.01874995,Infinity,10.419161,12.239131,12.121212,Infinity,0
0.07600021,43.0,30.0,266.0,0.9937901,0.067283235,-0.065424,-0.014233211,Infinity,10.439121,12.217392,12.116631,Infinity,0
0.07600021,38.0,44.0,265.0,0.9948729,0.070699744,-0.041067723,-0.0130659845,Infinity,10.440001,12.217392,12.142858,Infinity,0
0.07600021,19.0,55.0,268.0,0.99502075,0.077661745,-0.020990001,-0.009499979,Infinity,10.439121,12.26087,12.095033,Infinity,0
0.07500076,18.0,32.0,253.0,0.9932686,0.1002206,5.145102E-5,-2.6456962E-4,Infinity,10.48,12.26087,12.073435,Infinity,0
0.07600021,3.0,41.0,255.0,0.99263906,0.10513761,0.014909828,0.004504009,Infinity,10.501002,12.26087,12.095033,Infinity,0
0.075998306,-5.0,64.0,266.0,0.99263847,0.10303205,0.025911743,0.0033384513,Infinity,10.54326,12.287582,12.095033,Infinity,0
0.07600021,-9.0,48.0,263.0,0.9909876,0.11306302,0.042132672,-0.0036760536,Infinity,10.522088,12.31441,12.068966,Infinity,0
0.07600021,-14.0,53.0,255.0,0.9904682,0.11637715,0.042143542,-0.016796796,Infinity,10.501002,12.287582,12.095033,Infinity,0
0.07500076,-14.0,45.0,249.0,0.99119836,0.10202842,0.042572528,-0.043936845,Infinity,10.542169,12.309368,12.095033,Infinity,0
0.07600021,-18.0,54.0,252.0,0.9905768,0.09063982,0.044119664,-0.07226652,Infinity,10.48,12.309368,12.073435,Infinity,0
0.07600021,-25.0,44.0,270.0,0.98856884,0.08553601,0.036955107,-0.10332477,Infinity,10.501002,12.309368,12.095033,Infinity,0
0.07600021,-6.0,33.0,250.0,0.9867238,0.0715316,0.037811417,-0.128285,Infinity,10.501002,12.287582,12.095033,Infinity,0
0.074998856,-16.0,27.0,262.0,0.9840908,0.05719421,0.041072015,-0.1524285,Infinity,10.501002,12.309368,12.068966,Infinity,0
0.07600021,-30.0,23.0,273.0,0.97940886,0.05413225,0.04055703,-0.18113609,Infinity,10.480962,12.287582,12.073435,Infinity,0
0.07600021,-11.0,24.0,247.0,0.97431624,0.049344365,0.033670314,-0.20920403,Infinity,10.48,12.287582,12.047414,Infinity,0
0.077999115,-8.0,20.0,257.0,0.9674417,0.049846906,0.03303351,-0.23897138,Infinity,10.46,12.287582,12.047414,Infinity,0
0.07600021,-13.0,22.0,268.0,0.96015483,0.04746075,0.02713706,-0.2678445,Infinity,10.501002,12.336245,12.025862,Infinity,0
0.07500076,-11.0,17.0,271.0,0.952719,0.044382256,0.019786287,-0.29426596,Infinity,10.46,12.287582,12.047414,Infinity,0
0.07600021,-5.0,17.0,259.0,0.94588715,0.04560192,0.010997693,-0.3157924,Infinity,10.439121,12.287582,12.095033,Infinity,0
0.073999405,0.0,17.0,257.0,0.9374542,0.046901792,0.007652202,-0.33992484,Infinity,10.46,12.287582,12.095033,Infinity,0
0.07600021,0.0,15.0,266.0,0.9302332,0.05073804,0.008733131,-0.3586697,Infinity,10.419161,12.26087,12.068966,Infinity,0
0.07500076,3.0,1.0,262.0,0.9224188,0.051942766,0.011261336,-0.37808362,Infinity,10.399202,12.239131,12.073435,Infinity,0
0.07600021,-28.0,34.0,282.0,0.9148682,0.05859016,0.013672312,-0.39500016,Infinity,10.419161,12.239131,12.047414,Infinity,0
0.07600021,-14.0,35.0,271.0,0.9089018,0.0537002,0.010647676,-0.40930328,Infinity,10.399202,12.217392,12.025862,Infinity,0
0.07600021,5.0,14.0,253.0,0.9028519,0.05078306,0.015081519,-0.42270684,Infinity,10.398406,12.190889,12.047414,Infinity,0
0.07499695,-15.0,21.0,245.0,0.90316385,0.05308334,0.017096404,-0.42168048,Infinity,10.337973,12.217392,12.051836,Infinity,0
0.07600021,-20.0,27.0,262.0,0.9090636,0.053455543,0.021832723,-0.4085316,Infinity,10.357853,12.217392,12.047414,Infinity,0
0.07600021,-17.0,27.0,264.0,0.9225383,0.054321732,0.019897286,-0.37709737,Infinity,10.357853,12.212582,12.047414,Infinity,0
0.07600021,-1.0,0.0,259.0,0.93546736,0.045732547,0.019367348,-0.3450511,Infinity,10.337973,12.190889,12.073435,Infinity,0
0.07600021,-15.0,27.0,275.0,0.9478326,0.040339313,0.012252598,-0.31058258,Infinity,10.377733,12.164502,12.047414,Infinity,0
0.07500076,-8.0,7.0,252.0,0.9574945,0.047051363,0.0076049184,-0.27849394,Infinity,10.398406,12.186147,12.025862,Infinity,0
0.07600021,-13.0,41.0,258.0,0.9664319,0.03597856,-0.0014707646,-0.2476665,Infinity,10.378486,12.190889,12.068966,Infinity,0
0.07600021,-9.0,49.0,267.0,0.97408223,0.026659809,-2.6664056E-4,-0.21697792,Infinity,10.357853,12.190889,12.068966,Infinity,0
0.07600021,-21.0,56.0,256.0,0.98080146,0.038426083,0.0012216477,-0.18214254,Infinity,10.378486,12.190889,12.047414,Infinity,0
0.07500076,-2.0,28.0,250.0,0.985923,0.04455422,-7.905121E-4,-0.15032172,Infinity,10.377733,12.190889,12.047414,Infinity,0
0.07600021,-8.0,15.0,260.0,0.9893425,0.046928257,-8.968681E-5,-0.12500715,Infinity,10.399202,12.190889,12.025862,Infinity,0
0.0759964,-8.0,19.0,257.0,0.99101627,0.06292414,0.0040812003,-0.102654606,Infinity,10.378486,12.239131,12.021505,Infinity,0
0.07600021,-1.0,14.0,251.0,0.9914143,0.08266149,0.008836581,-0.082546204,Infinity,10.398406,12.190889,12.047414,Infinity,0
0.07600021,-4.0,50.0,259.0,0.99167496,0.090589315,0.00693887,-0.070393465,Infinity,10.398406,12.212582,12.021505,Infinity,0
0.07500076,-8.0,66.0,266.0,0.9921715,0.089219436,-7.210843E-4,-0.06530193,Infinity,10.440001,12.190889,12.0,Infinity,0
0.07600021,-9.0,78.0,269.0,0.98999494,0.11106795,-0.007828176,-0.064348385,Infinity,10.378486,12.190889,12.025862,Infinity,0
0.07600021,2.0,65.0,244.0,0.9846204,0.15287276,-0.014416086,-0.05974046,Infinity,10.419161,12.212582,12.00431,Infinity,0
0.07600021,7.0,75.0,248.0,0.97774535,0.19104098,-0.028322775,-0.05779145,Infinity,10.357853,12.217392,12.0,Infinity,0
0.077999115,-1.0,107.0,241.0,0.9711931,0.21799213,-0.043259025,-0.06339239,Infinity,10.398406,12.190889,12.047414,Infinity,0
0.07500076,33.0,112.0,221.0,0.96218324,0.24966022,-0.06607199,-0.06428504,Infinity,10.379242,12.169198,12.021505,Infinity,0
0.07600021,22.0,154.0,227.0,0.9500012,0.28872517,-0.08173642,-0.06386396,Infinity,10.398406,12.142858,12.047414,Infinity,0
0.07600021,38.0,157.0,203.0,0.9328418,0.33705333,-0.096965514,-0.05847726,Infinity,10.378486,12.164502,11.974249,Infinity,0
0.07600021,42.0,172.0,197.0,0.92051786,0.36453953,-0.1145542,-0.057106327,Infinity,10.358566,12.142858,12.047414,Infinity,0
0.07500076,40.0,216.0,194.0,0.9095018,0.38947248,-0.12136552,-0.05491251,Infinity,10.358566,12.121212,11.9957075,Infinity,0
0.07600021,46.0,188.0,157.0,0.8813483,0.45000544,-0.12459827,-0.043265924,Infinity,10.337973,12.142858,12.0,Infinity,0
0.07600021,50.0,206.0,142.0,0.86775845,0.47142458,-0.14045924,-0.0406441,Infinity,10.337973,12.142858,12.0,Infinity,0
0.07600021,51.0,239.0,141.0,0.85402334,0.49561578,-0.14243364,-0.036729097,Infinity,10.377733,12.142858,12.047414,Infinity,0
0.07499695,60.0,220.0,118.0,0.83995664,0.5187793,-0.1447101,-0.03205376,Infinity,10.357853,12.121212,11.9957075,Infinity,0
0.07600021,55.0,231.0,112.0,0.8385522,0.52121407,-0.14410698,-0.032077055,Infinity,10.337973,12.095033,12.021505,Infinity,0
0.07600021,54.0,241.0,120.0,0.8428092,0.5150545,-0.14141381,-0.031987946,Infinity,10.378486,12.116631,12.0,Infinity,0
0.07600021,58.0,242.0,114.0,0.8648704,0.4819237,-0.12219908,-0.037945088,Infinity,10.337973,12.116631,12.025862,Infinity,0
0.07600021,48.0,242.0,150.0,0.8852005,0.44853428,-0.10251694,-0.036757823,Infinity,10.378486,12.095033,12.047414,Infinity,0
0.07500076,38.0,200.0,157.0,0.9087238,0.4031835,-0.083769955,-0.03559981,Infinity,10.378486,12.116631,12.047414,Infinity,0
0.07600021,27.0,193.0,175.0,0.93241394,0.34999195,-0.059326876,-0.03518652,Infinity,10.337301,12.121212,12.047414,Infinity,0
0.07600021,16.0,162.0,194.0,0.95000637,0.30351183,-0.032783993,-0.030217582,Infinity,10.398406,12.121212,12.047414,Infinity,0
0.07600021,1.0,147.0,212.0,0.9678754,0.24385926,-0.004690371,-0.020290371,Infinity,10.357853,12.095033,12.047414,Infinity,0
0.07500076,-4.0,96.0,254.0,0.9820565,0.17800446,0.011173069,-0.02103433,Infinity,10.398406,12.142858,12.073435,Infinity,0
0.0759964,-12.0,83.0,255.0,0.989706,0.1279699,0.01911322,-0.019024655,Infinity,10.398406,12.116631,12.021505,Infinity,0
0.07600021,-11.0,53.0,249.0,0.9941326,0.08502285,0.026971938,-0.01917803,Infinity,10.379242,12.142858,12.021505,Infinity,0
0.07600021,-12.0,32.0,258.0,0.9965087,0.0417034,0.036165427,-0.023388566,Infinity,10.419161,12.169198,12.025862,Infinity,0
0.07600021,-20.0,21.0,258.0,0.99692816,0.0035960088,0.046011854,-0.025082806,Infinity,10.378486,12.164502,12.021505,Infinity,0
0.07500076,-24.0,-15.0,259.0,0.9960081,-0.030541914,0.053695474,-0.027891185,Infinity,10.378486,12.212582,12.047414,Infinity,0
0.07600021,-28.0,-30.0,255.0,0.9936214,-0.06731486,0.06346922,-0.027970431,Infinity,10.419161,12.190889,12.025862,Infinity,0
0.07600021,-34.0,-39.0,257.0,0.99183685,-0.088522404,0.06608027,-0.0261755,Infinity,10.440001,12.164502,12.021505,Infinity,0
0.07600021,-35.0,-56.0,250.0,0.99026805,-0.10028724,0.0739174,-0.021839276,Infinity,10.399202,12.190889,12.047414,Infinity,0
0.077999115,-42.0,-68.0,251.0,0.98821855,-0.118456855,0.07543944,-0.01815333,Infinity,10.419161,12.217392,12.00431,Infinity,0
0.07500076,-32.0,-69.0,242.0,0.9850933,-0.14257057,0.07533587,-0.014735012,Infinity,10.440001,12.190889,12.021505,Infinity,0
0.07600021,-37.0,-68.0,245.0,0.9832285,-0.15464546,0.076336846,-0.0121907685,Infinity,10.419161,12.239131,12.021505,Infinity,0
0.07600021,-39.0,-88.0,248.0,0.9827634,-0.15706964,0.07778237,-0.009195466,Infinity,10.4,12.217392,12.021505,Infinity,0
0.07600021,-36.0,-92.0,245.0,0.983242,-0.15387322,0.078625515,-0.0024350493,Infinity,10.398406,12.212582,12.025862,Infinity,0
0.07500076,-24.0,-91.0,236.0,0.98475575,-0.14698866,0.072552964,-0.0039887964,Infinity,10.378486,12.212582,12.025862,Infinity,0
0.07600021,-31.0,-64.0,242.0,0.9887411,-0.11810483,0.070634015,-0.00896054,Infinity,10.419161,12.239131,12.047414,Infinity,0
0.0759964,-34.0,-44.0,260.0,0.9936898,-0.07416346,0.059535764,-0.0126189925,Infinity,10.398406,12.239131,12.025862,Infinity,0
0.07600021,-30.0,-10.0,254.0,0.9970382,-0.018402623,0.043654688,-0.017048866,Infinity,10.440001,12.190889,12.073435,Infinity,0
0.07500076,-16.0,-6.0,259.0,0.99768656,-0.0010416469,0.028416906,-0.020999406,Infinity,10.419161,12.164502,12.021505,Infinity,0
0.07600021,-23.0,11.0,269.0,0.9978418,0.011352157,0.015358581,-0.023992753,Infinity,10.398406,12.142858,11.956989,Infinity,0
0.07600021,-18.0,12.0,258.0,0.9974586,0.033173017,0.012180731,-0.021353357,Infinity,10.42,12.164502,11.974249,Infinity,0
0.07600021,-12.0,5.0,254.0,0.997097,0.043872736,0.007034559,-0.021268636,Infinity,10.440001,12.212582,11.978495,Infinity,0
0.07600021,-10.0,24.0,261.0,0.99717325,0.04234714,0.004897814,-0.021399964,Infinity,10.440001,12.142858,11.974249,Infinity,0
0.07500076,1.0,25.0,262.0,0.9969522,0.04690967,0.009022385,-0.020833388,Infinity,10.398406,12.142858,12.025862,Infinity,0
0.07600021,-9.0,18.0,281.0,0.9972089,0.041996855,0.0070714424,-0.019753547,Infinity,10.440001,12.116631,11.974249,Infinity,0
0